-- phpMyAdmin SQL Dump
-- version 5.1.1
-- https://www.phpmyadmin.net/
--
-- Host: localhost:8889
-- Generation Time: Feb 26, 2023 at 06:27 AM
-- Server version: 5.7.34
-- PHP Version: 8.0.8

SET SQL_MODE = "NO_AUTO_VALUE_ON_ZERO";
START TRANSACTION;
SET time_zone = "+00:00";


/*!40101 SET @OLD_CHARACTER_SET_CLIENT=@@CHARACTER_SET_CLIENT */;
/*!40101 SET @OLD_CHARACTER_SET_RESULTS=@@CHARACTER_SET_RESULTS */;
/*!40101 SET @OLD_COLLATION_CONNECTION=@@COLLATION_CONNECTION */;
/*!40101 SET NAMES utf8mb4 */;

--
-- Database: `pcm`
--

-- --------------------------------------------------------

--
-- Table structure for table `class`
--

CREATE TABLE `class` (
  `class_id` varchar(50) NOT NULL,
  `class_name` varchar(50) NOT NULL
) ENGINE=InnoDB DEFAULT CHARSET=utf8;

--
-- Dumping data for table `class`
--

INSERT INTO `class` (`class_id`, `class_name`) VALUES
('107', 'IT_class'),
('108', 'CE_class');

-- --------------------------------------------------------

--
-- Table structure for table `complaint`
--

CREATE TABLE `complaint` (
  `complaint_id` varchar(30) NOT NULL,
  `user_id` varchar(30) NOT NULL,
  `err_id` varchar(50) DEFAULT NULL,
  `cat_no` varchar(10) NOT NULL,
  `ip` varchar(50) NOT NULL DEFAULT '127.0.0.1',
  `complaint_type` varchar(20) NOT NULL,
  `complaint_desc` varchar(100) NOT NULL,
  `date` date NOT NULL,
  `time` time NOT NULL,
  `cat_type` int(4) NOT NULL,
  `status` int(11) NOT NULL DEFAULT '0'
) ENGINE=InnoDB DEFAULT CHARSET=utf8mb4;

--
-- Dumping data for table `complaint`
--

INSERT INTO `complaint` (`complaint_id`, `user_id`, `err_id`, `cat_no`, `ip`, `complaint_type`, `complaint_desc`, `date`, `time`, `cat_type`, `status`) VALUES
('2302154841', '161260107042', '12', '11', '127.0.0.1', 'hardware', 'computer will not turn on.', '2022-02-23', '15:48:41', 0, 0),
('2302204227', '161260107042', '', '108', '127.0.0.1', 'ClsEleP', 'AC is not working properly', '2022-03-23', '20:42:27', 1, 1),
('2302211651', '161260107042', '', '108', '127.0.0.1', 'ClsEnP', 'Black/White Board is broken', '2022-04-23', '21:16:51', 1, 0),
('2402122447', '161260107042', '', 'LIB1', '127.0.0.1', 'LibEleP', 'Fan is not functioning', '2022-04-24', '12:24:47', 2, 0),
('2402122825', '151260105045', '', '108', '127.0.0.1', 'ClsEnP', 'Black/White Board is broken', '2022-05-24', '12:28:25', 1, 0),
('2402122909', '161260107042', 'c-32', '13', '127.0.0.1', 'hardware', 'computer turns on, but still does not work.', '2022-06-24', '12:29:09', 0, 0),
('2402122944', '161260107043', '', 'LIB1', '127.0.0.1', 'LibEnP', 'Seating Arrangement is not good', '2022-07-24', '12:29:44', 2, 2),
('2402123016', '171260105052', '75', '11', '127.0.0.1', 'hardware', 'keyboard is not working', '2022-08-24', '12:30:16', 0, 1),
('2402123042', '171260107113', '', '108', '127.0.0.1', 'ClsEleP', 'Fan is not working properly', '2022-09-24', '12:30:42', 1, 1),
('2402123112', '181260107024', '', 'LIB1', '127.0.0.1', 'LibEleP', 'Lights is not functioning', '2022-12-24', '12:31:12', 2, 0),
('2402123135', '181260107032', '', '108', '127.0.0.1', 'ClsEleP', 'Fan is not working properly', '2022-10-24', '12:31:35', 1, 0),
('2402123200', '181260107048', '', 'LIB1', '127.0.0.1', 'LibEleP', 'Fan is not functioning', '2022-11-24', '12:32:00', 2, 1),
('2402123248', '181260107064', '543', '11', '127.0.0.1', 'hardware', 'computer has insufficient memory.', '2022-01-24', '12:32:48', 0, 0),
('2402123319', '181260107065', '', 'LIB2', '127.0.0.1', 'LibEnP', 'Seating Arrangement is not good', '2023-02-21', '12:33:19', 2, 0),
('2402123353', '181260107080', '', '108', '127.0.0.1', 'ClsEleP', 'Fan is not working properly', '2023-02-24', '12:33:53', 1, 2),
('2402123414', '181260107080', '23', '13', '127.0.0.1', 'software', 'Some software are not available or working', '2023-02-18', '12:34:14', 0, 2),
('2402123423', '181260107080', '', 'LIB2', '127.0.0.1', 'LibEleP', 'Lights is not functioning', '2023-02-10', '12:34:23', 2, 0),
('2402123514', '191260105001', '545', '11', '127.0.0.1', 'other', 'plug is not working\r\n', '2023-02-19', '12:35:14', 0, 0),
('2402123526', '191260105001', '', '108', '127.0.0.1', 'ClsEnP', 'Black/White Board is broken', '2023-02-20', '12:35:26', 1, 0),
('2402123548', '191260105001', '', 'LIB2', '127.0.0.1', 'LibEleP', 'Fan is not functioning', '2023-02-11', '12:35:48', 2, 1),
('2402123919', '191260105002', '123', '13', '127.0.0.1', 'hardware', 'computer turns on, but still does not work.', '2023-02-11', '12:39:19', 0, 0),
('2402123927', '191260105002', '', '108', '127.0.0.1', 'ClsEleP', 'AC is not working properly', '2023-01-20', '12:39:27', 1, 0),
('2402123935', '191260105002', '', 'LIB2', '127.0.0.1', 'LibEleP', 'Fan is not functioning', '2023-01-20', '12:39:35', 2, 0),
('2402124006', '191260105005', 'w34', '13', '127.0.0.1', 'software', 'Too many virus', '2023-01-11', '12:40:06', 0, 2),
('2402124018', '191260105005', '', '107', '127.0.0.1', 'ClsEleP', 'Fan is not working properly', '2023-02-11', '12:40:18', 1, 0),
('2402124027', '191260105005', '', 'LIB2', '127.0.0.1', 'LibEleP', 'Fan is not functioning', '2023-02-09', '12:40:27', 2, 0),
('2402124057', '191260105006', '45', '13', '127.0.0.1', 'software', 'get the blue screen of death.', '2023-02-06', '12:40:57', 0, 0),
('2402124106', '191260105006', '', '107', '127.0.0.1', 'ClsEleP', 'AC is not working properly', '2023-01-03', '12:41:06', 1, 2),
('2402124114', '191260105006', '', 'LIB1', '127.0.0.1', 'LibEleP', 'Lights is not functioning', '2023-02-24', '12:41:14', 2, 2),
('2402124215', '191260105008', '2', '13', '127.0.0.1', 'software', 'Some software are not available or working', '2023-01-17', '12:42:15', 0, 0),
('2402124235', '191260105008', '', '108', '127.0.0.1', 'ClsEnP', 'Banches are broken', '2023-02-24', '12:42:35', 1, 1),
('2402124249', '191260105008', '', 'LIB1', '127.0.0.1', 'LibEnP', 'Seating Arrangement is not good', '2023-01-28', '12:42:49', 2, 1);

-- --------------------------------------------------------

--
-- Table structure for table `lab`
--

CREATE TABLE `lab` (
  `Lab_id` varchar(10) NOT NULL,
  `Lab_name` varchar(50) NOT NULL
) ENGINE=InnoDB DEFAULT CHARSET=utf8;

--
-- Dumping data for table `lab`
--

INSERT INTO `lab` (`Lab_id`, `Lab_name`) VALUES
('11', 'All'),
('13', 'All ');

-- --------------------------------------------------------

--
-- Table structure for table `Library`
--

CREATE TABLE `Library` (
  `lib_id` varchar(50) NOT NULL,
  `lib_name` varchar(50) NOT NULL
) ENGINE=InnoDB DEFAULT CHARSET=utf8;

--
-- Dumping data for table `Library`
--

INSERT INTO `Library` (`lib_id`, `lib_name`) VALUES
('LIB1', 'SETI_Library'),
('LIB2', 'SCE_Library');

-- --------------------------------------------------------

--
-- Table structure for table `user`
--

CREATE TABLE `user` (
  `user_id` varchar(20) NOT NULL,
  `password` varchar(20) NOT NULL,
  `name` varchar(50) NOT NULL,
  `mobile_number` bigint(15) NOT NULL,
  `profile` varchar(50) DEFAULT NULL,
  `role` int(11) NOT NULL,
  `email` varchar(50) NOT NULL,
  `user_status` int(11) NOT NULL DEFAULT '0'
) ENGINE=InnoDB DEFAULT CHARSET=utf8mb4;

--
-- Dumping data for table `user`
--

INSERT INTO `user` (`user_id`, `password`, `name`, `mobile_number`, `profile`, `role`, `email`, `user_status`) VALUES
('151260105045', '151260105045', 'PATHAN AAQIB HAFIJURRAHEMAN', 1234567890, NULL, 2, 'abc@gmail.com', 0),
('161260107042', '161260107042', 'PATEL RAJ BHUPENDRAKUMAR', 1234567890, NULL, 2, 'abc@gmail.com', 0),
('161260107043', '161260107043', 'PATEL RIDDHI KIRTIBHAI', 1234567890, NULL, 2, 'abc@gmail.com', 0),
('171260105052', '171260105052', 'VORA HARSHAL ASHVINBHAI', 1234567890, NULL, 2, 'abc@gmail.com', 0),
('171260107113', '171260107113', 'BHAGAT TUSHAR .', 1234567890, NULL, 2, 'abc@gmail.com', 0),
('181260107024', '181260107024', 'KANUDAWALA DIVYANG PARESHBHAI', 1234567890, NULL, 2, 'abc@gmail.com', 0),
('181260107032', '181260107032', 'MEHTA MIHIR DHARMESHBHAI', 1234567890, NULL, 2, 'abc@gmail.com', 0),
('181260107048', '181260107048', 'PATEL DEVKUMAR MAHESHBHAI', 1234567890, NULL, 2, 'abc@gmail.com', 0),
('181260107064', '181260107064', 'PATEL NISARG JAYANTIBHAI', 1234567890, NULL, 2, 'abc@gmail.com', 0),
('181260107065', '181260107065', 'PATEL PRATHAM RAKESHBHAI', 1234567890, NULL, 2, 'abc@gmail.com', 0),
('181260107080', '181260107080', 'PATHAN FARHANKHAN ANWARULHAQ', 1234567890, NULL, 2, 'abc@gmail.com', 0),
('181260107083', '181260107083', 'RATHOD CHARMIL MANISHKUMAR', 1234567890, NULL, 2, 'abc@gmail.com', 0),
('191260105001', '191260105001', 'CHIKANI  HARSH', 1234567890, NULL, 2, 'abc@gmail.com', 0),
('191260105002', '191260105002', 'JIYANI  ANIKET', 1234567890, NULL, 2, 'abc@gmail.com', 0),
('191260105003', '191260105003', 'JOGI HARSH SATISHBHAI', 1234567890, NULL, 2, 'abc@gmail.com', 0),
('191260105005', '191260105005', 'NAVI SHAILESH AKNATH', 1234567890, NULL, 2, 'abc@gmail.com', 0),
('191260105006', '191260105006', 'PANCHAL  MANSI', 1234567890, NULL, 2, 'abc@gmail.com', 0),
('191260105008', '191260105008', 'PATEL  KAVANKUMAR', 1234567890, NULL, 2, 'abc@gmail.com', 0),
('191260105009', '191260105009', 'PATEL RAJ JAYESHBHAI', 1234567890, NULL, 2, 'abc@gmail.com', 0),
('191260105010', '191260105010', 'PATEL SHREY PRAKASHBHAI', 1234567890, NULL, 2, 'abc@gmail.com', 0),
('191260105012', '191260105012', 'PATEL  UTTPAL', 1234567890, NULL, 2, 'abc@gmail.com', 0),
('191260105013', '191260105013', 'PRAJAPATI  ANKIT', 1234567890, NULL, 2, 'abc@gmail.com', 0),
('191260105014', '191260105014', 'PRASAD RAJ KUMAR', 1234567890, NULL, 2, 'abc@gmail.com', 0),
('191260105016', '191260105016', 'RIBADIYA HITESH HARSUKHBHAI', 1234567890, NULL, 2, 'abc@gmail.com', 0),
('191260105017', '191260105017', 'RIWAL DHANIXA RAJU', 1234567890, NULL, 2, 'abc@gmail.com', 0),
('191260105018', '191260105018', 'SAVALIYA NEVIL JAYESHBHAI', 1234567890, NULL, 2, 'abc@gmail.com', 0),
('191260105019', '191260105019', 'SHRIVASTAVA RUCHI ANUP', 1234567890, NULL, 2, 'abc@gmail.com', 0),
('191260106001', '191260106001', 'CHAUDHARY SURESHKUMAR VAGTAJI', 1234567890, NULL, 2, 'abc@gmail.com', 0),
('191260106002', '191260106002', 'MODI RIDDHI HITESHKUMAR', 1234567890, NULL, 2, 'abc@gmail.com', 0),
('191260106003', '191260106003', 'PATEL  JAIMINKUMAR', 1234567890, NULL, 2, 'abc@gmail.com', 0),
('191260107001', '191260107001', 'ADESHARA VAIBHAV JITENDRAKUMAR', 1234567890, NULL, 2, 'abc@gmail.com', 0),
('191260107002', '191260107002', 'ADIDRAVID RAHUL MUTHUSWAMY', 1234567890, NULL, 2, 'abc@gmail.com', 0),
('191260107003', '191260107003', ' AGRAWAL JAY', 1234567890, NULL, 2, 'abc@gmail.com', 0),
('191260107004', '191260107004', 'BABARIYA JAIMIN RASIKBHAI', 1234567890, NULL, 2, 'abc@gmail.com', 0),
('191260107006', '191260107006', 'BAJORIA PUNEET AJAYKUMAR', 1234567890, NULL, 2, 'abc@gmail.com', 0),
('191260107007', '191260107007', 'BHATT KANDARP HITESHKUMAR', 1234567890, NULL, 2, 'abc@gmail.com', 0),
('191260107008', '191260107008', 'BHATT SAMARTH PRADIPBHAI', 1234567890, NULL, 2, 'abc@gmail.com', 0),
('191260107009', '191260107009', 'BUKHARI AAZIL MOHAMMED', 1234567890, NULL, 2, 'abc@gmail.com', 0),
('191260107010', '191260107010', 'CHAMPANERIYA DARSH NILESHKUMAR', 1234567890, NULL, 2, 'abc@gmail.com', 0),
('191260107011', '191260107011', 'CHAUDHARI UNNATI GANESH', 1234567890, NULL, 2, 'abc@gmail.com', 0),
('191260107012', '191260107012', 'CHAUHAN RAJPALSINH PRAVINSINH', 1234567890, NULL, 2, 'abc@gmail.com', 0),
('191260107013', '191260107013', 'CHAVDA SUNIL JAGDISHKUMAR', 1234567890, NULL, 2, 'abc@gmail.com', 0),
('191260107014', '191260107014', 'CHOUDHARY DIVESH LALARAM', 1234567890, NULL, 2, 'abc@gmail.com', 0),
('191260107015', '191260107015', 'CHOVATIYA JINKAL KISHORBHAI', 1234567890, NULL, 2, 'abc@gmail.com', 0),
('191260107016', '191260107016', 'CHRISTIAN MAX EDWIN', 1234567890, NULL, 2, 'abc@gmail.com', 0),
('191260107019', '191260107019', 'DHOLARIYA VATSAL BHUPATBHAI', 1234567890, NULL, 2, 'abc@gmail.com', 0),
('191260107020', '191260107020', 'PATEL DHWANI BIPINBHAI', 1234567890, NULL, 2, 'abc@gmail.com', 0),
('191260107021', '191260107021', 'DUBEY DAKSH VIJAY', 1234567890, NULL, 2, 'abc@gmail.com', 0),
('191260107022', '191260107022', 'DUBEY SAGAR .', 1234567890, NULL, 2, 'abc@gmail.com', 0),
('191260107023', '191260107023', 'DUTTA SOUMYAJIT MEGHNATH', 1234567890, NULL, 2, 'abc@gmail.com', 0),
('191260107024', '191260107024', 'GABANI ABHI DIPAKBHAI', 1234567890, NULL, 2, 'abc@gmail.com', 0),
('191260107025', '191260107025', 'GAJIPARA HARSHIT SANJAYKUMAR', 1234567890, NULL, 2, 'abc@gmail.com', 0),
('191260107026', '191260107026', 'GOSWAMI KATHAN BHARGAVBHAI', 1234567890, NULL, 2, 'abc@gmail.com', 0),
('191260107028', '191260107028', 'JAGANI  DHARMIK', 1234567890, NULL, 2, 'abc@gmail.com', 0),
('191260107029', '191260107029', 'JAIN SAUMYA RAJESHKUMAR', 1234567890, NULL, 2, 'abc@gmail.com', 0),
('191260107030', '191260107030', 'JAISWAL SOMINDRA JAYPRAKASH', 1234567890, NULL, 2, 'abc@gmail.com', 0),
('191260107031', '191260107031', 'JANI KHYATI ATULBHAI', 1234567890, NULL, 2, 'abc@gmail.com', 0),
('191260107033', '191260107033', 'JOSHI DEEP', 1234567890, NULL, 2, 'abc@gmail.com', 0),
('191260107034', '191260107034', 'JOSHI PRACHI MAHENDRABHAI', 1234567890, NULL, 2, 'abc@gmail.com', 0),
('191260107035', '191260107035', 'KANJHARIYA PARTHKUMAR ASHVINKUMAR', 1234567890, NULL, 2, 'abc@gmail.com', 0),
('191260107036', '191260107036', 'KAPOPARA SHUBHAM ATULBHAI', 1234567890, NULL, 2, 'abc@gmail.com', 0),
('191260107037', '191260107037', 'KASHYAP SIMRAN .', 1234567890, NULL, 2, 'abc@gmail.com', 0),
('191260107038', '191260107038', 'KHANT DEVANG RANJITSINH', 1234567890, NULL, 2, 'abc@gmail.com', 0),
('191260107039', '191260107039', 'LUNAGARIYA JAY PRAMODBHAI', 1234567890, NULL, 2, 'abc@gmail.com', 0),
('191260107040', '191260107040', 'MANGUKIYA RUTVIK ASHOKBHAI', 1234567890, NULL, 2, 'abc@gmail.com', 0),
('191260107041', '191260107041', 'MANSURI MOHAMMD ZAID', 1234567890, NULL, 2, 'abc@gmail.com', 0),
('191260107043', '191260107043', 'MER BIREN MANOJ', 1234567890, NULL, 2, 'abc@gmail.com', 0),
('191260107044', '191260107044', 'PADHIYAR BRIJESH HIRENBHAI', 1234567890, NULL, 2, 'abc@gmail.com', 0),
('191260107045', '191260107045', 'PANCHAL YASH MUKESHKUMAR', 1234567890, NULL, 2, 'abc@gmail.com', 0),
('191260107047', '191260107047', 'PATEL AASHVI ALPESHKUMAR', 1234567890, NULL, 2, 'abc@gmail.com', 0),
('191260107048', '191260107048', 'PATEL ABHI PANKAJBHAI', 1234567890, NULL, 2, 'abc@gmail.com', 0),
('191260107050', '191260107050', 'PATEL DHRUV ARVINDBHAI', 1234567890, NULL, 2, 'abc@gmail.com', 0),
('191260107051', '191260107051', 'PATEL DHRUV GIRISHKUMAR', 1234567890, NULL, 2, 'abc@gmail.com', 0),
('191260107052', '191260107052', 'PATEL DHVANI NARENDRABHAI', 1234567890, NULL, 2, 'abc@gmail.com', 0),
('191260107055', '191260107055', 'PATEL HAPPY ANILKUMAR', 1234567890, NULL, 2, 'abc@gmail.com', 0),
('191260107056', '191260107056', 'PATEL  HAPPY', 1234567890, NULL, 2, 'abc@gmail.com', 0),
('191260107057', '191260107057', 'PATEL HENIL NAILESHKUMAR', 1234567890, NULL, 2, 'abc@gmail.com', 0),
('191260107059', '191260107059', 'PATEL HIMANI JITENDRABHAI', 1234567890, NULL, 2, 'abc@gmail.com', 0),
('191260107060', '191260107060', 'PATEL JANVI JAGDISHBHAI', 1234567890, NULL, 2, 'abc@gmail.com', 0),
('191260107061', '191260107061', 'PATEL JAY HITESHBHAI', 1234567890, NULL, 2, 'abc@gmail.com', 0),
('191260107062', '191260107062', 'PATEL JINAL VIJAYKUMAR', 1234567890, NULL, 2, 'abc@gmail.com', 0),
('191260107063', '191260107063', 'PATEL KANVI SHAILESHBHAI', 1234567890, NULL, 2, 'abc@gmail.com', 0),
('191260107064', '191260107064', 'PATEL KAUSHAL RAJNIKANT', 1234567890, NULL, 2, 'abc@gmail.com', 0),
('191260107065', '191260107065', 'PATEL KRUSHNA CHANDRESHKUMAR', 1234567890, NULL, 2, 'abc@gmail.com', 0),
('191260107067', '191260107067', 'PATEL MALAV KETANKUMAR', 1234567890, NULL, 2, 'abc@gmail.com', 0),
('191260107068', '191260107068', 'PATEL MIT NILESHKUMAR', 1234567890, NULL, 2, 'abc@gmail.com', 0),
('191260107069', '191260107069', 'PATEL PARTH MAHESHBHAI', 1234567890, NULL, 2, 'abc@gmail.com', 0),
('191260107070', '191260107070', 'PATEL PARTH MANISHBHAI', 1234567890, NULL, 2, 'abc@gmail.com', 0),
('191260107071', '191260107071', 'PATEL PRINCE GHANSHYAMKUMAR', 1234567890, NULL, 2, 'abc@gmail.com', 0),
('191260107072', '191260107072', 'PATEL PRINCEKUMAR YOGESHKUMAR', 1234567890, NULL, 2, 'abc@gmail.com', 0),
('191260107073', '191260107073', 'PATEL PRIT HARESHKUMAR', 1234567890, NULL, 2, 'abc@gmail.com', 0),
('191260107074', '191260107074', 'PATEL PUNIT ALPESHBHAI', 1234567890, NULL, 2, 'abc@gmail.com', 0),
('191260107075', '191260107075', 'PATEL RAJ SHAILESHBHAI', 1234567890, NULL, 2, 'abc@gmail.com', 0),
('191260107077', '191260107077', 'PATEL ROHANKUMAR DIPAKKUMAR', 1234567890, NULL, 2, 'abc@gmail.com', 0),
('191260107078', '191260107078', 'PATEL RUSHIT', 1234567890, NULL, 2, 'abc@gmail.com', 0),
('191260107079', '191260107079', 'PATEL RUTUL SIRINKUMAR', 1234567890, NULL, 2, 'abc@gmail.com', 0),
('191260107080', '191260107080', 'PATEL RUTVIBEN', 1234567890, NULL, 2, 'abc@gmail.com', 0),
('191260107083', '191260107083', 'PATEL SAHIL RAJESHKUMAR', 1234567890, NULL, 2, 'abc@gmail.com', 0),
('191260107084', '191260107084', 'PATEL SHREY JATIN', 1234567890, NULL, 2, 'abc@gmail.com', 0),
('191260107085', '191260107085', 'PATEL  SHREY', 1234567890, NULL, 2, 'abc@gmail.com', 0),
('191260107087', '191260107087', 'PATEL SMIT ASHOKBHAI', 1234567890, NULL, 2, 'abc@gmail.com', 0),
('191260107088', '191260107088', 'PATEL SMIT RAJESHKUMAR', 1234567890, NULL, 2, 'abc@gmail.com', 0),
('191260107090', '191260107090', 'PATEL VRAJ SHAILESHBHAI', 1234567890, NULL, 2, 'abc@gmail.com', 0),
('191260107092', '191260107092', 'POKIYA PANTHIL GORDHANBHAI', 1234567890, NULL, 2, 'abc@gmail.com', 0),
('191260107093', '191260107093', 'PRAJAPATI YASH NATVARBHAI', 1234567890, NULL, 2, 'abc@gmail.com', 0),
('191260107094', '191260107094', 'QURESHI MOHAMED AMMAN', 1234567890, NULL, 2, 'abc@gmail.com', 0),
('191260107095', '191260107095', 'RAVAL DHRUVI ARUNKUMAR', 1234567890, NULL, 2, 'abc@gmail.com', 0),
('191260107096', '191260107096', 'ROKAD AKSHIT BHARATBHAI', 1234567890, NULL, 2, 'abc@gmail.com', 0),
('191260107097', '191260107097', 'SATWARA TEERTH VIPULKUMAR', 1234567890, NULL, 2, 'abc@gmail.com', 0),
('191260107098', '191260107098', 'SAVALIAYA SHREYA VASANTBHAI', 1234567890, NULL, 2, 'abc@gmail.com', 0),
('191260107100', '191260107100', 'SHAH  MAHEK', 1234567890, NULL, 2, 'abc@gmail.com', 0),
('191260107102', '191260107102', 'SOJITRA KEYUR ARVINDBHAI', 1234567890, NULL, 2, 'abc@gmail.com', 0),
('191260107103', '191260107103', 'SOMANI MITA RAKESHBHAI', 1234567890, NULL, 2, 'abc@gmail.com', 0),
('191260107105', '191260107105', 'SUMAN RAHUL RAMKRISHNA', 1234567890, NULL, 2, 'abc@gmail.com', 0),
('191260107107', '191260107107', 'TILALA YASH HARESHBHAI', 1234567890, NULL, 2, 'abc@gmail.com', 0),
('191260107108', '191260107108', 'TRIVEDI CHANDRESHKUMAR ANUPBHAI', 1234567890, NULL, 2, 'abc@gmail.com', 0),
('191260107110', '191260107110', 'VAGHASIYA MITKUMAR JAGADISHBHAI', 1234567890, NULL, 2, 'abc@gmail.com', 0),
('191260107111', '191260107111', 'VAGHELA SHAKTISINH DHARMENDRASINH', 1234567890, NULL, 2, 'abc@gmail.com', 0),
('191260107112', '191260107112', 'TOSHNIWAL VAIBHAV VINAY', 1234567890, NULL, 2, 'abc@gmail.com', 0),
('191260107113', '191260107113', 'VAISHNAV DIVYA JITENDRA', 1234567890, NULL, 2, 'abc@gmail.com', 0),
('191260107114', '191260107114', 'VARMORA JAYKUMAR RAJNIKANTBHAI', 1234567890, NULL, 2, 'abc@gmail.com', 0),
('191260107115', '191260107115', 'VARMORA SAGARKUMAR VINODBHAI', 1234567890, NULL, 2, 'abc@gmail.com', 0),
('191260107116', '191260107116', 'VARSHNEY RISHABH PANKAJ', 1234567890, NULL, 2, 'abc@gmail.com', 0),
('191260116001', '191260116001', 'ANSARI ASHFAK HUSSAIN', 1234567890, NULL, 2, 'abc@gmail.com', 0),
('191260116002', '191260116002', 'BARIA LEVIN SANTOSHBHAI', 1234567890, NULL, 2, 'abc@gmail.com', 0),
('191260116003', '191260116003', 'CHAUHAN ABHISHEK RAMKUNVAR', 1234567890, NULL, 2, 'abc@gmail.com', 0),
('191260116004', '191260116004', 'DESAI JIGAR ANILBHAI', 1234567890, NULL, 2, 'abc@gmail.com', 0),
('191260116006', '191260116006', 'DHOLAKIYA DARSHIT NARESHBHAI', 1234567890, NULL, 2, 'abc@gmail.com', 0),
('191260116007', '191260116007', 'DHOLARIYA DHRUVIL', 1234567890, NULL, 2, 'abc@gmail.com', 0),
('191260116009', '191260116009', 'GOHEL SNEHAL KALPESHKUMAR', 1234567890, NULL, 2, 'abc@gmail.com', 0),
('191260116010', '191260116010', 'GOSAI RISHABHPURI KRUSHNAPURI', 1234567890, NULL, 2, 'abc@gmail.com', 0),
('191260116011', '191260116011', 'GOYANI MANTHANKUMAR ARVINDBHAI', 1234567890, NULL, 2, 'abc@gmail.com', 0),
('191260116012', '191260116012', 'JOGI KRUNAL JITENDRABHAI', 1234567890, NULL, 2, 'abc@gmail.com', 0),
('191260116013', '191260116013', 'JOSHI NACHIKET PARSHOTTAMBHAI', 1234567890, NULL, 2, 'abc@gmail.com', 0),
('191260116014', '191260116014', 'KHANDALA KAUSHIK HARESHBHAI', 1234567890, NULL, 2, 'abc@gmail.com', 0),
('191260116015', '191260116015', 'KHIMNANI HARSH SURESHKUMAR', 1234567890, NULL, 2, 'abc@gmail.com', 0),
('191260116016', '191260116016', 'KOLADIYA SAGAR JITUBHAI', 1234567890, NULL, 2, 'abc@gmail.com', 0),
('191260116017', '191260116017', 'KOSHTI HIMANSHU JASWANT', 1234567890, NULL, 2, 'abc@gmail.com', 0),
('191260116019', '191260116019', 'MADHANI JAINAM NIMESHKUMAR', 1234567890, NULL, 2, 'abc@gmail.com', 0),
('191260116020', '191260116020', 'MECWAN APURVKUMAR RAMANBHAI', 1234567890, NULL, 2, 'abc@gmail.com', 0),
('191260116021', '191260116021', 'MEHTA ANUSHREE', 1234567890, NULL, 2, 'abc@gmail.com', 0),
('191260116022', '191260116022', 'MISTRY HARSHIL DINESHBHAI', 1234567890, NULL, 2, 'abc@gmail.com', 0),
('191260116023', '191260116023', 'MISTRY KAVAN ATULKUMAR', 1234567890, NULL, 2, 'abc@gmail.com', 0),
('191260116024', '191260116024', 'NAKRANI JANKIBEN', 1234567890, NULL, 2, 'abc@gmail.com', 0),
('191260116025', '191260116025', 'PANCHAL HET DEVENDRAKUMAR', 1234567890, NULL, 2, 'abc@gmail.com', 0),
('191260116026', '191260116026', 'PAREKH SHAILESHKUMAR KISHORBHAI', 1234567890, NULL, 2, 'abc@gmail.com', 0),
('191260116027', '191260116027', 'PATEL AKASHKUMAR PANKAJBHAI', 1234567890, NULL, 2, 'abc@gmail.com', 0),
('191260116028', '191260116028', 'PATEL ARPITKUMAR PRAVINBHAI', 1234567890, NULL, 2, 'abc@gmail.com', 0),
('191260116029', '191260116029', 'PATEL AYUSHKUMAR JIGNESHBHAI', 1234567890, NULL, 2, 'abc@gmail.com', 0),
('191260116030', '191260116030', 'PATEL DHARMITKUMAR SURESHBHAI', 1234567890, NULL, 2, 'abc@gmail.com', 0),
('191260116032', '191260116032', 'PATEL JAY VIRENDRABHAI', 1234567890, NULL, 2, 'abc@gmail.com', 0),
('191260116034', '191260116034', 'PATEL KHUSHIL NARENDRABHAI', 1234567890, NULL, 2, 'abc@gmail.com', 0),
('191260116035', '191260116035', 'PATEL NIDHI ROHITBHAI', 1234567890, NULL, 2, 'abc@gmail.com', 0),
('191260116036', '191260116036', 'PATEL POOJAN VIPULBHAI', 1234567890, NULL, 2, 'abc@gmail.com', 0),
('191260116037', '191260116037', 'PATEL  RUTVI', 1234567890, NULL, 2, 'abc@gmail.com', 0),
('191260116039', '191260116039', 'PATEL SAMAY KALPESHKUMAR', 1234567890, NULL, 2, 'abc@gmail.com', 0),
('191260116042', '191260116042', 'PATEL SMIT GIRISHBHAI', 1234567890, NULL, 2, 'abc@gmail.com', 0),
('191260116044', '191260116044', 'PATEL TIRTH UMESHKUMAR', 1234567890, NULL, 2, 'abc@gmail.com', 0),
('191260116045', '191260116045', 'PATHAN AZAMKHAN MAZHARKHAN', 1234567890, NULL, 2, 'abc@gmail.com', 0),
('191260116046', '191260116046', 'PRAJAPATI HARSH JAYESHBHAI', 1234567890, NULL, 2, 'abc@gmail.com', 0),
('191260116047', '191260116047', 'PRAJAPATI VIREN ALPESHKUMAR', 1234567890, NULL, 2, 'abc@gmail.com', 0),
('191260116048', '191260116048', 'PUTHAWALA ANAS AMJAD', 1234567890, NULL, 2, 'abc@gmail.com', 0),
('191260116050', '191260116050', 'SATASIYA SWITYBEN GOPALBHAI', 1234567890, NULL, 2, 'abc@gmail.com', 0),
('191260116051', '191260116051', 'SAVALIYA PRIYALBEN', 1234567890, NULL, 2, 'abc@gmail.com', 0),
('191260116052', '191260116052', 'SHAH AASHAYKUMAR MITESHKUMAR', 1234567890, NULL, 2, 'abc@gmail.com', 0),
('191260116054', '191260116054', 'SHAH AGAM SANDIP', 1234567890, NULL, 2, 'abc@gmail.com', 0),
('191260116055', '191260116055', 'SHAIKH AMIRUL ANARUL', 1234567890, NULL, 2, 'abc@gmail.com', 0),
('191260116056', '191260116056', 'SHARMA PARTH RAJESHBHAI', 1234567890, NULL, 2, 'abc@gmail.com', 0),
('191260116057', '191260116057', 'SHINGALA SHREYAS BAKULBHAI', 1234567890, NULL, 2, 'abc@gmail.com', 0),
('191260116058', '191260116058', 'SIDDHPURA KHUSHBU RAJANIBHAI', 1234567890, NULL, 2, 'abc@gmail.com', 0),
('191260116059', '191260116059', 'SONI DHRUMIL HITESHBHAI', 1234567890, NULL, 2, 'abc@gmail.com', 0),
('191260116060', '191260116060', 'SUTARIYA KUNJ SHAILESHBHAI', 1234567890, NULL, 2, 'abc@gmail.com', 0),
('191260116061', '191260116061', 'SUTHAR LALIT VISARAM', 1234567890, NULL, 2, 'abc@gmail.com', 0),
('191260116062', '191260116062', 'TANTI KAUSHIK DINESHBHAI', 1234567890, NULL, 2, 'abc@gmail.com', 0),
('191260116063', '191260116063', 'VADDORIYA PRIYANSHI JAYSUKHBHAI', 1234567890, NULL, 2, 'abc@gmail.com', 0),
('191260116064', '191260116064', 'VEKARIYA PUNAMKUMAR DALSUKHBHAI', 1234567890, NULL, 2, 'abc@gmail.com', 0),
('191260116065', '191260116065', 'ZINZUWADIA YATHARTH PIYUSHBHAI', 1234567890, NULL, 2, 'abc@gmail.com', 0),
('191263106004', '191263106004', 'PATEL BIMAL', 1234567890, NULL, 2, 'abc@gmail.com', 0),
('201260105501', '201260105501', 'PATEL DARSHAN SURESHBHAI', 1234567890, NULL, 2, 'abc@gmail.com', 0),
('201260105502', '201260105502', 'BHANDERI BHAUTIK SURESHBHAI', 1234567890, NULL, 2, 'abc@gmail.com', 0),
('201260105503', '201260105503', 'BHALODIYA RUTVIK BECHARBHAI', 1234567890, NULL, 2, 'abc@gmail.com', 0),
('201260105504', '201260105504', 'SANGANI AKSHIT KAMLESH', 1234567890, NULL, 2, 'abc@gmail.com', 0),
('201260105505', '201260105505', 'PATEL RAJ', 1234567890, NULL, 2, 'abc@gmail.com', 0),
('201260106501', '201260106501', 'SOLANKI DHAVAL RAKESHBHAI', 1234567890, NULL, 2, 'abc@gmail.com', 0),
('201260106502', '201260106502', 'DHAKAN VIVAN NITIN', 1234567890, NULL, 2, 'abc@gmail.com', 0),
('201260106503', '201260106503', 'VAGHELA DIPESH MANOJKUMAR', 1234567890, NULL, 2, 'abc@gmail.com', 0),
('201260107001', '201260107001', 'VAGHELA HARSHRAJSINH .', 1234567890, NULL, 2, 'abc@gmail.com', 0),
('201260107002', '201260107002', 'CHAUHAN YASH .', 1234567890, NULL, 2, 'abc@gmail.com', 0),
('201260107003', '201260107003', 'RANA KRUNAL NIKHILKUMAR', 1234567890, NULL, 2, 'abc@gmail.com', 0),
('201260107004', '201260107004', 'PATEL ABHI JAGDISHKUMAR', 1234567890, NULL, 2, 'abc@gmail.com', 0),
('201260107005', '201260107005', 'PATEL HITARTH BHARATKUMAR', 1234567890, NULL, 2, 'abc@gmail.com', 0),
('201260107006', '201260107006', 'SAVALIYA KEVIN CHANDUBHAI', 1234567890, NULL, 2, 'abc@gmail.com', 0),
('201260107007', '201260107007', 'CHAVDA UDITSINH RAJENDRASINH', 1234567890, NULL, 2, 'abc@gmail.com', 0),
('201260107008', '201260107008', 'JAKHESARA HIMANSHU SAVITA', 1234567890, NULL, 2, 'abc@gmail.com', 0),
('201260107009', '201260107009', 'SHAH MAHIMA BHAVANTUBHAI', 1234567890, NULL, 2, 'abc@gmail.com', 0),
('201260107010', '201260107010', 'BORAD NIHIT DILIPBHAI', 1234567890, NULL, 2, 'abc@gmail.com', 0),
('201260107011', '201260107011', 'PATEL PRINCE R', 1234567890, NULL, 2, 'abc@gmail.com', 0),
('201260107012', '201260107012', 'PATEL ANKIT VINAYBHAI', 1234567890, NULL, 2, 'abc@gmail.com', 0),
('201260107013', '201260107013', 'SHARMA JITENDRA PAWAN', 1234567890, NULL, 2, 'abc@gmail.com', 0),
('201260107014', '201260107014', 'KAGADA MEET', 1234567890, NULL, 2, 'abc@gmail.com', 0),
('201260107015', '201260107015', 'PAL ATULKUMAR SATYARAM', 1234567890, NULL, 2, 'abc@gmail.com', 0),
('201260107016', '201260107016', 'MISHRA TANISH RAVISHANKAR', 1234567890, NULL, 2, 'abc@gmail.com', 0),
('201260107017', '201260107017', 'PANDYA MADHAV RAJIVKUMAR', 1234567890, NULL, 2, 'abc@gmail.com', 0),
('201260107018', '201260107018', 'PATEL ARYAN KAMLESHKUMAR', 1234567890, NULL, 2, 'abc@gmail.com', 0),
('201260107019', '201260107019', 'JANI PIYUSH PRASHANTBHAI', 1234567890, NULL, 2, 'abc@gmail.com', 0),
('201260107021', '201260107021', 'VAGHASIA MAHARSHI PARSHOTAMBHAI', 1234567890, NULL, 2, 'abc@gmail.com', 0),
('201260107022', '201260107022', 'SHAH RUSHABH PANKAJKUMAR', 1234567890, NULL, 2, 'abc@gmail.com', 0),
('201260107023', '201260107023', 'PATEL KHUSHI .', 1234567890, NULL, 2, 'abc@gmail.com', 0),
('201260107024', '201260107024', 'CHAUDHARY SAHIL ASHOKKUMAR', 1234567890, NULL, 2, 'abc@gmail.com', 0),
('201260107025', '201260107025', 'VEKARIYA SAHIL BATUKBHAI', 1234567890, NULL, 2, 'abc@gmail.com', 0),
('201260107026', '201260107026', 'DOSHI DIVY RAKESHBHAI', 1234567890, NULL, 2, 'abc@gmail.com', 0),
('201260107027', '201260107027', 'KAPADIYA DEV MANHARKUMAR', 1234567890, NULL, 2, 'abc@gmail.com', 0),
('201260107028', '201260107028', 'MAKWANA DIPAM .', 1234567890, NULL, 2, 'abc@gmail.com', 0),
('201260107029', '201260107029', 'CHAUDHARY MASUM JAYANTIBHAI', 1234567890, NULL, 2, 'abc@gmail.com', 0),
('201260107030', '201260107030', 'SHUKLA BHARGAV', 1234567890, NULL, 2, 'abc@gmail.com', 0),
('201260107031', '201260107031', 'PATEL RAJ HIRINBHAI', 1234567890, NULL, 2, 'abc@gmail.com', 0),
('201260107032', '201260107032', 'THUMMAR RAJ', 1234567890, NULL, 2, 'abc@gmail.com', 0),
('201260107033', '201260107033', 'PATEL SMIT RAKESH', 1234567890, NULL, 2, 'abc@gmail.com', 0),
('201260107034', '201260107034', 'KAPADIYA HET MUKESHBHAI', 1234567890, NULL, 2, 'abc@gmail.com', 0),
('201260107035', '201260107035', 'GUPTA MIHIR PRADEEPKUMAR', 1234567890, NULL, 2, 'abc@gmail.com', 0),
('201260107036', '201260107036', 'KALARIYA HITEKSHA PRAVINBHAI', 1234567890, NULL, 2, 'abc@gmail.com', 0),
('201260107037', '201260107037', 'PATEL HETANSHU HEMANTKUMAR', 1234567890, NULL, 2, 'abc@gmail.com', 0),
('201260107038', '201260107038', 'PATEL ARYAN PANKAJKUMAR', 1234567890, NULL, 2, 'abc@gmail.com', 0),
('201260107039', '201260107039', 'RAVAL HARSHANGBHAI KALPESHKUMAR', 1234567890, NULL, 2, 'abc@gmail.com', 0),
('201260107040', '201260107040', 'BAJPAI ARYAN KRISHAN', 1234567890, NULL, 2, 'abc@gmail.com', 0),
('201260107041', '201260107041', 'HIRAPARA ADIT PRAVANIBHAI', 1234567890, NULL, 2, 'abc@gmail.com', 0),
('201260107042', '201260107042', 'SHAH DHRUVITKUMAR INDRAVADAN', 1234567890, NULL, 2, 'abc@gmail.com', 0),
('201260107043', '201260107043', 'MODI PARTH VIMALKUMAR', 1234567890, NULL, 2, 'abc@gmail.com', 0),
('201260107044', '201260107044', 'PATEL PRITU ASHVINKUMAR', 1234567890, NULL, 2, 'abc@gmail.com', 0),
('201260107045', '201260107045', 'THAKKAR JAANKI JIGARKUMAR', 1234567890, NULL, 2, 'abc@gmail.com', 0),
('201260107046', '201260107046', 'PATEL DEVARSH TARUN', 1234567890, NULL, 2, 'abc@gmail.com', 0),
('201260107047', '201260107047', 'RAVAL SAURAV BIPINBHAI', 1234567890, NULL, 2, 'abc@gmail.com', 0),
('201260107048', '201260107048', 'PATEL KHUSHI RAJKUMAR', 1234567890, NULL, 2, 'abc@gmail.com', 0),
('201260107049', '201260107049', 'RATHOD SANJANA', 1234567890, NULL, 2, 'abc@gmail.com', 0),
('201260107050', '201260107050', 'TIWARI SHUBHANG SHARAD', 1234567890, NULL, 2, 'abc@gmail.com', 0),
('201260107051', '201260107051', 'SONI KABIR JAYKUMAR', 1234567890, NULL, 2, 'abc@gmail.com', 0),
('201260107052', '201260107052', 'BHAVSAR ISHAN DHARMENDRAKUMAR', 1234567890, NULL, 2, 'abc@gmail.com', 0),
('201260107053', '201260107053', 'JOSHI KRISHNA ALKESHBHAI', 1234567890, NULL, 2, 'abc@gmail.com', 0),
('201260107054', '201260107054', 'BRAHMBHATT PRATHAM KALPESH', 1234567890, NULL, 2, 'abc@gmail.com', 0),
('201260107055', '201260107055', 'MATHE AAYUSH .', 1234567890, NULL, 2, 'abc@gmail.com', 0),
('201260107056', '201260107056', 'SHETH FREYA HITESHKUMAR', 1234567890, NULL, 2, 'abc@gmail.com', 0),
('201260107057', '201260107057', 'SOJITRA BINALBEN PANKAJBHAI', 1234567890, NULL, 2, 'abc@gmail.com', 0),
('201260107058', '201260107058', 'VADDORIYA NENSI RAMESHBHAI', 1234567890, NULL, 2, 'abc@gmail.com', 0),
('201260107059', '201260107059', 'THUMMAR YUVRAJ BHARATBHAI', 1234567890, NULL, 2, 'abc@gmail.com', 0),
('201260107060', '201260107060', 'KORAPANA DIPAKKUMAR VINODBHAI', 1234567890, NULL, 2, 'abc@gmail.com', 0),
('201260107061', '201260107061', 'KACHHADIYA PRIYESH NARESHBHAI', 1234567890, NULL, 2, 'abc@gmail.com', 0),
('201260107062', '201260107062', 'RATHOD DEVARSH KRUSHNAKUMAR', 1234567890, NULL, 2, 'abc@gmail.com', 0),
('201260107063', '201260107063', 'PATEL MONIL JATIN', 1234567890, NULL, 2, 'abc@gmail.com', 0),
('201260107064', '201260107064', 'RAVAL GAURAV ASHOKKUMAR', 1234567890, NULL, 2, 'abc@gmail.com', 0),
('201260107065', '201260107065', 'PATEL JENIL KIRTIKUMAR', 1234567890, NULL, 2, 'abc@gmail.com', 0),
('201260107066', '201260107066', 'KANSAGRA ANSH NARESHBHAI', 1234567890, NULL, 2, 'abc@gmail.com', 0),
('201260107067', '201260107067', 'PATEL JEEL HASMUKHBHAI', 1234567890, NULL, 2, 'abc@gmail.com', 0),
('201260107068', '201260107068', 'AGRAWAL NISHU OMPRAKASH', 1234567890, NULL, 2, 'abc@gmail.com', 0),
('201260107072', '201260107072', 'BORSE DEVESH PRAKASH', 1234567890, NULL, 2, 'abc@gmail.com', 0),
('201260107073', '201260107073', 'PATEL HARSHKUMAR HITESHBHAI', 1234567890, NULL, 2, 'abc@gmail.com', 0),
('201260107074', '201260107074', 'PATEL PARTH RAVINDRAKUMAR', 1234567890, NULL, 2, 'abc@gmail.com', 0),
('201260107075', '201260107075', 'ZALA INDRAJEETSINH JAYENDRASINH', 1234567890, NULL, 2, 'abc@gmail.com', 0),
('201260107076', '201260107076', 'PATEL DVIP .', 1234567890, NULL, 2, 'abc@gmail.com', 0),
('201260107077', '201260107077', 'PRAJAPATI JAIMIN VISHNUBHAI', 1234567890, NULL, 2, 'abc@gmail.com', 0),
('201260107078', '201260107078', 'PATEL VRAJESH .', 1234567890, NULL, 2, 'abc@gmail.com', 0),
('201260107501', '201260107501', 'KANANI SUHANI .', 1234567890, NULL, 2, 'abc@gmail.com', 0),
('201260107502', '201260107502', 'PANCHAL PURVESH DARSHAN', 1234567890, NULL, 2, 'abc@gmail.com', 0),
('201260107503', '201260107503', 'DAVE PARTHKUMAR SHARADBHAI', 1234567890, NULL, 2, 'abc@gmail.com', 0),
('201260107504', '201260107504', 'SATHWARA DAXKUMAR .', 1234567890, NULL, 2, 'abc@gmail.com', 0),
('201260107505', '201260107505', 'MARU DIVYA .', 1234567890, NULL, 2, 'abc@gmail.com', 0),
('201260107506', '201260107506', 'MANDAVIYA JIGAR RAJESHBHAI', 1234567890, NULL, 2, 'abc@gmail.com', 0),
('201260107507', '201260107507', 'BHOHARIYA KAMIL .', 1234567890, NULL, 2, 'abc@gmail.com', 0),
('201260107508', '201260107508', 'PATHAK DARSHAN HITESH', 1234567890, NULL, 2, 'abc@gmail.com', 0),
('201260107509', '201260107509', 'NATHANI NANCY BHARATBHAI', 1234567890, NULL, 2, 'abc@gmail.com', 0),
('201260107510', '201260107510', 'RAMANI AKASH .', 1234567890, NULL, 2, 'abc@gmail.com', 0),
('201260107511', '201260107511', 'PATEL DHVANI NILESHBHAI', 1234567890, NULL, 2, 'abc@gmail.com', 0),
('201260107512', '201260107512', 'VADHER NIDHI AJAYKUMAR', 1234567890, NULL, 2, 'abc@gmail.com', 0),
('201260107513', '201260107513', 'PATEL NINAD SANJAYBHAI', 1234567890, NULL, 2, 'abc@gmail.com', 0),
('201260107514', '201260107514', 'PATEL AYUSHI .', 1234567890, NULL, 2, 'abc@gmail.com', 0),
('201260107516', '201260107516', 'VADIWALA PARTH SHETALBHAI', 1234567890, NULL, 2, 'abc@gmail.com', 0),
('201260107517', '201260107517', 'SALVI KARINA VIMALBHAI', 1234567890, NULL, 2, 'abc@gmail.com', 0),
('201260107518', '201260107518', 'VORA SANKALP DARSHAN', 1234567890, NULL, 2, 'abc@gmail.com', 0),
('201260107519', '201260107519', 'DOSHI SUTIRTH KALPESHBHAI', 1234567890, NULL, 2, 'abc@gmail.com', 0),
('201260107520', '201260107520', 'PANCHAL KABIR .', 1234567890, NULL, 2, 'abc@gmail.com', 0),
('201260107521', '201260107521', 'SAKHIYA MANSHI PARESHBHAI', 1234567890, NULL, 2, 'abc@gmail.com', 0),
('201260107522', '201260107522', 'PANSURIYA KEVIL PRAKASHBHAI', 1234567890, NULL, 2, 'abc@gmail.com', 0),
('201260107523', '201260107523', 'PATEL PARV VISHNUBHAI', 1234567890, NULL, 2, 'abc@gmail.com', 0),
('201260107524', '201260107524', 'PATEL MEET .', 1234567890, NULL, 2, 'abc@gmail.com', 0),
('201260107525', '201260107525', 'MODI  MEET', 1234567890, NULL, 2, 'abc@gmail.com', 0),
('201260107526', '201260107526', 'JAYSWAL RUTURAJ M', 1234567890, NULL, 2, 'abc@gmail.com', 0),
('201260107527', '201260107527', 'HARSH JOSHI .', 1234567890, NULL, 2, 'abc@gmail.com', 0),
('201260107528', '201260107528', 'PATEL MALIKA MINESH', 1234567890, NULL, 2, 'abc@gmail.com', 0),
('201260107529', '201260107529', 'PATEL ARZOO KAMLESHKUMAR', 1234567890, NULL, 2, 'abc@gmail.com', 0),
('201260107530', '201260107530', 'PUROHIT AKSHITA RAKESHKUMAR', 1234567890, NULL, 2, 'abc@gmail.com', 0),
('201260107532', '201260107532', 'THAKKAR ABHISHEK .', 1234567890, NULL, 2, 'abc@gmail.com', 0),
('201260107533', '201260107533', 'JANI OM DHAVAL', 1234567890, NULL, 2, 'abc@gmail.com', 0),
('201260107534', '201260107534', 'PATEL DHARMIK HEMAL', 1234567890, NULL, 2, 'abc@gmail.com', 0),
('201260107535', '201260107535', 'BAGBAN AADIL KHAN', 1234567890, NULL, 2, 'abc@gmail.com', 0),
('201260107536', '201260107536', 'PATEL RAJ KETAN', 1234567890, NULL, 2, 'abc@gmail.com', 0),
('201260107537', '201260107537', 'NEELGAR NAMRATA', 1234567890, NULL, 2, 'abc@gmail.com', 0),
('201260107538', '201260107538', 'CHANDARIA KARAN PRAFULBHAI', 1234567890, NULL, 2, 'abc@gmail.com', 0),
('201260107539', '201260107539', 'KHETARIYA DIPALI KANJIBHAI', 1234567890, NULL, 2, 'abc@gmail.com', 0),
('201260107541', '201260107541', 'RAJ NISARG D.', 1234567890, NULL, 2, 'abc@gmail.com', 0),
('201260107542', '201260107542', 'PANCHAL RUDRA .', 1234567890, NULL, 2, 'abc@gmail.com', 0),
('201260107543', '201260107543', 'SIRODARIYA ANISHA .', 1234567890, NULL, 2, 'abc@gmail.com', 0),
('201260107544', '201260107544', 'RAYTHATHA HET DEVENDRA', 1234567890, NULL, 2, 'abc@gmail.com', 0),
('201260107546', '201260107546', 'KOTHEKAR AKSHEN RAJENDRABHAI', 1234567890, NULL, 2, 'abc@gmail.com', 0),
('201260107547', '201260107547', 'PRAJAPATI DEVANSHU BALDEVBHAI', 1234567890, NULL, 2, 'abc@gmail.com', 0),
('201260107548', '201260107548', 'SOLANKI YASH .', 1234567890, NULL, 2, 'abc@gmail.com', 0),
('201260107549', '201260107549', 'PARMAR TIRTHRAJSINH VIKRAMSINH', 1234567890, NULL, 2, 'abc@gmail.com', 0),
('201260116001', '201260116001', 'VEKARIYA NILESH MANSUKHBHAI', 1234567890, NULL, 2, 'abc@gmail.com', 0),
('201260116002', '201260116002', 'THAKKAR DHRUV', 1234567890, NULL, 2, 'abc@gmail.com', 0),
('201260116003', '201260116003', 'MISHRA NAITIK ALKESH', 1234567890, NULL, 2, 'abc@gmail.com', 0),
('201260116004', '201260116004', 'PATEL TIRTH MAHESHBHAI', 1234567890, NULL, 2, 'abc@gmail.com', 0),
('201260116005', '201260116005', 'DAVE DEV', 1234567890, NULL, 2, 'abc@gmail.com', 0),
('201260116006', '201260116006', 'PATEL DIVYESH BRIJESHKUMAR', 1234567890, NULL, 2, 'abc@gmail.com', 0),
('201260116007', '201260116007', 'PATEL KHUSHI .', 1234567890, NULL, 2, 'abc@gmail.com', 0),
('201260116008', '201260116008', 'SHAH DEEP RAJESH', 1234567890, NULL, 2, 'abc@gmail.com', 0),
('201260116010', '201260116010', '. MOHAMMAD ZAKI', 1234567890, NULL, 2, 'abc@gmail.com', 0),
('201260116011', '201260116011', 'GOHIL VISHVA ASHOKBHAI', 1234567890, NULL, 2, 'abc@gmail.com', 0),
('201260116012', '201260116012', 'PATEL DARSHIL .', 1234567890, NULL, 2, 'abc@gmail.com', 0),
('201260116013', '201260116013', 'GOSWAMI HRIDAY PUSHPGIRI', 1234567890, NULL, 2, 'abc@gmail.com', 0),
('201260116014', '201260116014', 'PATEL YASHKUMAR MAHENDRABHAI', 1234567890, NULL, 2, 'abc@gmail.com', 0),
('201260116015', '201260116015', 'SHELADIYA HARSHKUMAR VINODRAY', 1234567890, NULL, 2, 'abc@gmail.com', 0),
('201260116016', '201260116016', 'BORSE DHYEY NAYANKUMAR', 1234567890, NULL, 2, 'abc@gmail.com', 0),
('201260116017', '201260116017', 'PATEL SAKSHI .', 1234567890, NULL, 2, 'abc@gmail.com', 0),
('201260116018', '201260116018', 'JADAV GAURANG .', 1234567890, NULL, 2, 'abc@gmail.com', 0),
('201260116019', '201260116019', 'ASODARIYA MEET', 1234567890, NULL, 2, 'abc@gmail.com', 0),
('201260116020', '201260116020', 'NAKRANI DARSHANA MUKESHBHAI', 1234567890, NULL, 2, 'abc@gmail.com', 0),
('201260116021', '201260116021', 'DODIYA RAJVI GOPALBHAI', 1234567890, NULL, 2, 'abc@gmail.com', 0),
('201260116022', '201260116022', 'PATEL JAINIL NARAYANBHAI', 1234567890, NULL, 2, 'abc@gmail.com', 0),
('201260116023', '201260116023', 'PATEL SACHINKUMAR SURESHBHAI', 1234567890, NULL, 2, 'abc@gmail.com', 0),
('201260116024', '201260116024', 'PANCHAL KUSHAL MUKESHBHAI', 1234567890, NULL, 2, 'abc@gmail.com', 0),
('201260116025', '201260116025', 'PATEL PRERNA AMITKUMAR', 1234567890, NULL, 2, 'abc@gmail.com', 0),
('201260116026', '201260116026', 'SHAH VISHWAM', 1234567890, NULL, 2, 'abc@gmail.com', 0),
('201260116027', '201260116027', 'BHORANIYA DEVENDRA RASIKLAL', 1234567890, NULL, 2, 'abc@gmail.com', 0),
('201260116028', '201260116028', 'DHANANI MEETKUMAR BAKULBHAI', 1234567890, NULL, 2, 'abc@gmail.com', 0),
('201260116029', '201260116029', 'ITALIYA SAVAN GOVINDBHAI', 1234567890, NULL, 2, 'abc@gmail.com', 0),
('201260116030', '201260116030', 'BHARWAD JAY BACHUBHAI', 1234567890, NULL, 2, 'abc@gmail.com', 0),
('201260116031', '201260116031', 'PATEL HARSHIL RAKESHBHAI', 1234567890, NULL, 2, 'abc@gmail.com', 0),
('201260116032', '201260116032', 'PANCHAL RUSHIL RAKESHBHAI', 1234567890, NULL, 2, 'abc@gmail.com', 0),
('201260116033', '201260116033', 'SUHAGIYA OM DIPAKKUMAR', 1234567890, NULL, 2, 'abc@gmail.com', 0),
('201260116034', '201260116034', 'PARMAR YOGI MAHESHBHAI', 1234567890, NULL, 2, 'abc@gmail.com', 0),
('201260116035', '201260116035', 'JADEJA KULDEEPSINH KIRITSINH', 1234567890, NULL, 2, 'abc@gmail.com', 0),
('201260116036', '201260116036', 'KALSARIYA PARTH ANANDBHAI', 1234567890, NULL, 2, 'abc@gmail.com', 0),
('201260116037', '201260116037', 'MISTRY DARSHIT ASHOKBHAI', 1234567890, NULL, 2, 'abc@gmail.com', 0),
('201260116038', '201260116038', 'PATEL VIVEK MUKESHKUMAR', 1234567890, NULL, 2, 'abc@gmail.com', 0),
('201260116039', '201260116039', 'PRAJAPATI JAY SHAILESHBHAI', 1234567890, NULL, 2, 'abc@gmail.com', 0),
('201260116040', '201260116040', 'BALDANIYA JEET .', 1234567890, NULL, 2, 'abc@gmail.com', 0),
('201260116041', '201260116041', 'BALDANIYA JAY BHAVESHBHAI', 1234567890, NULL, 2, 'abc@gmail.com', 0),
('201260116042', '201260116042', 'PATEL DEVANGKUMAR MAHESHBHAI', 1234567890, NULL, 2, 'abc@gmail.com', 0),
('201260116043', '201260116043', 'SORAMIYA YOGESH ASHWINBHAI', 1234567890, NULL, 2, 'abc@gmail.com', 0),
('201260116044', '201260116044', 'PATEL JAY PANKAJBHAI', 1234567890, NULL, 2, 'abc@gmail.com', 0),
('201260116045', '201260116045', 'RAJPUT SHUBHAM JAGANNATH', 1234567890, NULL, 2, 'abc@gmail.com', 0),
('201260116046', '201260116046', 'JADAV PINKAL MANSUKHBHAI', 1234567890, NULL, 2, 'abc@gmail.com', 0),
('201260116047', '201260116047', 'RAKHOLIYA AKSHAY VINUBHAI', 1234567890, NULL, 2, 'abc@gmail.com', 0),
('201260116048', '201260116048', 'THUMMAR SIDDHANT NITINBHAI', 1234567890, NULL, 2, 'abc@gmail.com', 0),
('201260116049', '201260116049', 'PATEL ARYA VIPUL', 1234567890, NULL, 2, 'abc@gmail.com', 0),
('201260116050', '201260116050', 'SHAH JAINAM NAINESHBHAI', 1234567890, NULL, 2, 'abc@gmail.com', 0),
('201260116051', '201260116051', 'MEHTA ANERI CHETANBHAI', 1234567890, NULL, 2, 'abc@gmail.com', 0),
('201260116052', '201260116052', 'DHARANI MILAN KESHUBHAI', 1234567890, NULL, 2, 'abc@gmail.com', 0),
('201260116053', '201260116053', 'PATEL ADIL .', 1234567890, NULL, 2, 'abc@gmail.com', 0),
('201260116055', '201260116055', 'VIRANI HONEYBEN .', 1234567890, NULL, 2, 'abc@gmail.com', 0),
('201260116056', '201260116056', 'GOPALANI DEEP JAGDISHBHAI', 1234567890, NULL, 2, 'abc@gmail.com', 0),
('201260116057', '201260116057', 'DHOLAKIYA RAHUL HITESHKUMAR', 1234567890, NULL, 2, 'abc@gmail.com', 0),
('201260116058', '201260116058', 'PATEL DEVANG RAJESHBHAI', 1234567890, NULL, 2, 'abc@gmail.com', 0),
('201260116059', '201260116059', 'DWIVEDI SHIVAM UMAKANT', 1234567890, NULL, 2, 'abc@gmail.com', 0),
('201260116501', '201260116501', 'PATEL RUSHALI DILIPKUMAR', 1234567890, NULL, 2, 'abc@gmail.com', 0),
('201260116502', '201260116502', 'PATEL AYUSHI PRAKASHBHAI', 1234567890, NULL, 2, 'abc@gmail.com', 0),
('201260116503', '201260116503', 'GAJJAR DHARTI .', 1234567890, NULL, 2, 'abc@gmail.com', 0),
('201260116504', '201260116504', 'GANDHI HETVI SUJALKUMAR', 1234567890, NULL, 2, 'abc@gmail.com', 0),
('201260116505', '201260116505', 'CHAMPAVAT NAMRATA Y.', 1234567890, NULL, 2, 'abc@gmail.com', 0),
('201260116506', '201260116506', 'JETHAVA GAURAV ASHVINBHAI', 1234567890, NULL, 2, 'abc@gmail.com', 0),
('201260116507', '201260116507', 'DABHI SEJAL DEVENDRABHAI', 1234567890, NULL, 2, 'abc@gmail.com', 0),
('201260116508', '201260116508', 'PRAJAPATI ROHIT PRAVINBHAI', 1234567890, NULL, 2, 'abc@gmail.com', 0),
('201260116509', '201260116509', 'GAJJAR SAHIL HASMUKHBHAI', 1234567890, NULL, 2, 'abc@gmail.com', 0),
('201260116510', '201260116510', 'SOLANKI DHARTIBEN BHARATBHAI', 1234567890, NULL, 2, 'abc@gmail.com', 0),
('201260116511', '201260116511', 'PATEL KHYATI RAMESHBHAI', 1234567890, NULL, 2, 'abc@gmail.com', 0),
('201260116512', '201260116512', 'PATEL JAVLAN JAYBHAI', 1234567890, NULL, 2, 'abc@gmail.com', 0),
('201260116513', '201260116513', 'PATEL SHIVKUMAR RAJNIKANT', 1234567890, NULL, 2, 'abc@gmail.com', 0),
('201260116514', '201260116514', 'PATEL URVI DINESHBHAI', 1234567890, NULL, 2, 'abc@gmail.com', 0),
('201260116515', '201260116515', 'PATEL HEET JAYESHBHAI', 1234567890, NULL, 2, 'abc@gmail.com', 0),
('201260116516', '201260116516', 'PATEL ANVI DINESHBHAI', 1234567890, NULL, 2, 'abc@gmail.com', 0),
('201260116517', '201260116517', 'HIRPARA ANIKET .', 1234567890, NULL, 2, 'abc@gmail.com', 0),
('201260116518', '201260116518', 'MEWADA HITEN .', 1234567890, NULL, 2, 'abc@gmail.com', 0),
('201260116519', '201260116519', 'BAROT JAY KAMALBHAI', 1234567890, NULL, 2, 'abc@gmail.com', 0),
('201260131001', '201260131001', 'MUKUL JAIN .', 1234567890, NULL, 2, 'abc@gmail.com', 0),
('201260131003', '201260131003', 'PATEL HARSH M.', 1234567890, NULL, 2, 'abc@gmail.com', 0),
('201260131004', '201260131004', 'PATEL KAUSHALKUMAR BHUPENDRABHAI', 1234567890, NULL, 2, 'abc@gmail.com', 0),
('201260131005', '201260131005', 'KUMAWAT SAROJ SHANKARLAL', 1234567890, NULL, 2, 'abc@gmail.com', 0),
('201260131006', '201260131006', 'RAVAL KUSH DILIPKUMAR', 1234567890, NULL, 2, 'abc@gmail.com', 0),
('201260131007', '201260131007', 'PATEL ASKABEN', 1234567890, NULL, 2, 'abc@gmail.com', 0),
('201260131009', '201260131009', 'PATEL RUDRAM SUSHRUTKUMAR', 1234567890, NULL, 2, 'abc@gmail.com', 0),
('201260131010', '201260131010', 'GOLAKIYA SARTHAK JAYESHBHAI', 1234567890, NULL, 2, 'abc@gmail.com', 0),
('211260107001', '211260107001', 'BALAR VISHVKUMAR ASHISHBHAI', 1234567890, NULL, 2, 'abc@gmail.com', 0),
('211260107002', '211260107002', 'GUPTA SARVAGYA', 1234567890, NULL, 2, 'abc@gmail.com', 0),
('211260107003', '211260107003', 'RANA KARTVYA SANJAYKUMAR', 1234567890, NULL, 2, 'abc@gmail.com', 0),
('211260107004', '211260107004', 'PATEL KRIT JITENDRABHAI', 1234567890, NULL, 2, 'abc@gmail.com', 0),
('211260107005', '211260107005', 'DHADUK DIVYESH HASMUKHBHAI', 1234567890, NULL, 2, 'abc@gmail.com', 0),
('211260107006', '211260107006', 'RAJPAL AAYUSH KEYURBHAI', 1234567890, NULL, 2, 'abc@gmail.com', 0),
('211260107007', '211260107007', 'PATEL MEET PARESHKUMAR', 1234567890, NULL, 2, 'abc@gmail.com', 0),
('211260107008', '211260107008', 'MISTRY SMIT NARESH', 1234567890, NULL, 2, 'abc@gmail.com', 0),
('211260107009', '211260107009', 'PATEL ANSHU KETANKUMAR', 1234567890, NULL, 2, 'abc@gmail.com', 0),
('211260107010', '211260107010', 'SAIYED MOHAMMADSADAB KHALIDAHMED', 1234567890, NULL, 2, 'abc@gmail.com', 0),
('211260107011', '211260107011', 'BUTANI ROMAN PARESHKUMAR', 1234567890, NULL, 2, 'abc@gmail.com', 0),
('211260107012', '211260107012', 'TALSANIA MEGHA', 1234567890, NULL, 2, 'abc@gmail.com', 0),
('211260107013', '211260107013', 'LADANI TIYA MANISHBHAI', 1234567890, NULL, 2, 'abc@gmail.com', 0),
('211260107014', '211260107014', 'SENGHANI HARSHIL DHANJI', 1234567890, NULL, 2, 'abc@gmail.com', 0),
('211260107015', '211260107015', 'PRAJAPATI PRINCE RAKESHBHAI', 1234567890, NULL, 2, 'abc@gmail.com', 0),
('211260107016', '211260107016', 'SUTHAR PRAKASHKUMAR RANCHHODLAL', 1234567890, NULL, 2, 'abc@gmail.com', 0),
('211260107017', '211260107017', 'PATEL LIZA JAYESHKUMAR', 1234567890, NULL, 2, 'abc@gmail.com', 0),
('211260107018', '211260107018', 'PATEL SHREYAS RAMESHBHAI', 1234567890, NULL, 2, 'abc@gmail.com', 0),
('211260107019', '211260107019', 'THAKER KAVAN ASIM', 1234567890, NULL, 2, 'abc@gmail.com', 0),
('211260107020', '211260107020', 'PATEL PRATHAM JAYESHBHAI', 1234567890, NULL, 2, 'abc@gmail.com', 0),
('211260107021', '211260107021', ' KULDIP', 1234567890, NULL, 2, 'abc@gmail.com', 0),
('211260107022', '211260107022', 'SOLANKI HARSHIDA DAHYABHAI', 1234567890, NULL, 2, 'abc@gmail.com', 0),
('211260107023', '211260107023', 'PATEL ISHAN BHAVESHBHAI', 1234567890, NULL, 2, 'abc@gmail.com', 0),
('211260107024', '211260107024', 'GADHIYA VISHVKUMAR KIRITKUMAR', 1234567890, NULL, 2, 'abc@gmail.com', 0),
('211260107025', '211260107025', 'JANI DHARMIK', 1234567890, NULL, 2, 'abc@gmail.com', 0),
('211260107026', '211260107026', 'PATADIA DEVANSHI TEJAS', 1234567890, NULL, 2, 'abc@gmail.com', 0),
('211260107027', '211260107027', 'PATEL JILKUMAR KAMLESHKUMAR', 1234567890, NULL, 2, 'abc@gmail.com', 0),
('211260107028', '211260107028', 'DWIVEDI RADHIKA HARISHANKAR', 1234567890, NULL, 2, 'abc@gmail.com', 0),
('211260107029', '211260107029', 'RAJYAGURU RUDRA MAHENDRABHAI', 1234567890, NULL, 2, 'abc@gmail.com', 0),
('211260107030', '211260107030', 'DALWADI ANSH MUKESHBHAI', 1234567890, NULL, 2, 'abc@gmail.com', 0),
('211260107031', '211260107031', 'VAGHELA KUNJAN MAHESHBHAI', 1234567890, NULL, 2, 'abc@gmail.com', 0),
('211260107032', '211260107032', '  ANKIT RAI', 1234567890, NULL, 2, 'abc@gmail.com', 0),
('211260107033', '211260107033', 'SHARMA MANISH', 1234567890, NULL, 2, 'abc@gmail.com', 0),
('211260107034', '211260107034', 'PATEL BANSARI MUKESHBHAI', 1234567890, NULL, 2, 'abc@gmail.com', 0),
('211260107035', '211260107035', 'DODIYA VISHAKHA DEVABHAI', 1234567890, NULL, 2, 'abc@gmail.com', 0),
('211260107036', '211260107036', 'PATEL MEET KAMLESHBHAI', 1234567890, NULL, 2, 'abc@gmail.com', 0),
('211260107037', '211260107037', 'JADAV VISHAL NATHABHAI', 1234567890, NULL, 2, 'abc@gmail.com', 0),
('211260107038', '211260107038', 'PATEL YUG ROHITBHAI', 1234567890, NULL, 2, 'abc@gmail.com', 0),
('211260107039', '211260107039', 'PATEL KUSH ASHISHBHAI', 1234567890, NULL, 2, 'abc@gmail.com', 0),
('211260107040', '211260107040', 'SHARMA SUDHIRKUMAR RAKESHBHAI', 1234567890, NULL, 2, 'abc@gmail.com', 0),
('211260107041', '211260107041', 'SHAH BHAGYA ALKESHBHAI', 1234567890, NULL, 2, 'abc@gmail.com', 0),
('211260107042', '211260107042', 'BHAVSAR JAY ASHOKBHAI', 1234567890, NULL, 2, 'abc@gmail.com', 0),
('211260107043', '211260107043', 'PANSURIYA DEEP JIGNESHBHAI', 1234567890, NULL, 2, 'abc@gmail.com', 0),
('211260107044', '211260107044', 'KOTADIYA BHAUTIK VALLBHBHAI', 1234567890, NULL, 2, 'abc@gmail.com', 0),
('211260107045', '211260107045', 'DUNGARANI HASTI LABHUBHAI', 1234567890, NULL, 2, 'abc@gmail.com', 0),
('211260107046', '211260107046', 'GHORI DISHA MAHESHBHAI', 1234567890, NULL, 2, 'abc@gmail.com', 0),
('211260107047', '211260107047', 'SANGHANI KEVALKUMAR HITESHBHAI', 1234567890, NULL, 2, 'abc@gmail.com', 0),
('211260107048', '211260107048', 'SHIROYA NAYAN VIJAYBHAI', 1234567890, NULL, 2, 'abc@gmail.com', 0),
('211260107049', '211260107049', 'PATEL PARAM CHIRAGBHAI', 1234567890, NULL, 2, 'abc@gmail.com', 0),
('211260107050', '211260107050', 'VANPARIYA SHYAM PANKAJBHAI', 1234567890, NULL, 2, 'abc@gmail.com', 0),
('211260107051', '211260107051', 'POPAT DHRUV ASHVINBHAI', 1234567890, NULL, 2, 'abc@gmail.com', 0),
('211260107052', '211260107052', 'PATEL DIVYANG NIMESHKUMAR', 1234567890, NULL, 2, 'abc@gmail.com', 0),
('211260107053', '211260107053', 'PANDYA SAMIP MUKESH', 1234567890, NULL, 2, 'abc@gmail.com', 0),
('211260107054', '211260107054', 'PATEL RIDHAM DHARMENDRABHAI', 1234567890, NULL, 2, 'abc@gmail.com', 0),
('211260107055', '211260107055', 'GONDALIYA PARTH BATUKBHAI', 1234567890, NULL, 2, 'abc@gmail.com', 0),
('211260107056', '211260107056', 'SHAH PANKIT', 1234567890, NULL, 2, 'abc@gmail.com', 0),
('211260107057', '211260107057', 'BHIKADIYA MIRAL KALPESHBHAI', 1234567890, NULL, 2, 'abc@gmail.com', 0),
('211260107058', '211260107058', 'GEDIYA JENIL MANISHBHAI', 1234567890, NULL, 2, 'abc@gmail.com', 0),
('211260107059', '211260107059', 'CHIHALA OM DIPAKBHAI', 1234567890, NULL, 2, 'abc@gmail.com', 0),
('211260107060', '211260107060', 'PIPALIYA RUSHI HITESHKUMAR', 1234567890, NULL, 2, 'abc@gmail.com', 0),
('211260107061', '211260107061', 'PATEL JAY VASUDEVBHAI', 1234567890, NULL, 2, 'abc@gmail.com', 0),
('211260107062', '211260107062', 'PATEL DIYABEN MAHENDRABHAI', 1234567890, NULL, 2, 'abc@gmail.com', 0),
('211260107063', '211260107063', 'PATEL KUSH AMITKUMAR', 1234567890, NULL, 2, 'abc@gmail.com', 0),
('211260107065', '211260107065', 'CHAUHAN HARSHIT CHANDRESHBHAI', 1234567890, NULL, 2, 'abc@gmail.com', 0),
('211260107066', '211260107066', 'PATEL DHARMIK NALINBHAI', 1234567890, NULL, 2, 'abc@gmail.com', 0),
('211260107067', '211260107067', 'DAVE JAY NIMESHKUMAR', 1234567890, NULL, 2, 'abc@gmail.com', 0),
('211260107068', '211260107068', 'MODH JANKI AMITKUMAR', 1234567890, NULL, 2, 'abc@gmail.com', 0),
('211260107069', '211260107069', 'PATEL VAIDEHI VIMALKUMAR', 1234567890, NULL, 2, 'abc@gmail.com', 0),
('211260107070', '211260107070', 'RAJPUT DEVANSH', 1234567890, NULL, 2, 'abc@gmail.com', 0),
('211260107071', '211260107071', 'MOVALIYA PARTH ARVINDBHAI', 1234567890, NULL, 2, 'abc@gmail.com', 0),
('211260107072', '211260107072', 'AGRAWAL RAJ GHANSHYAMBHAI', 1234567890, NULL, 2, 'abc@gmail.com', 0),
('211260107074', '211260107074', 'BHATT SUHANI JATINKUMAR', 1234567890, NULL, 2, 'abc@gmail.com', 0),
('211260107075', '211260107075', 'VYAS JEET BIPINKUMAR', 1234567890, NULL, 2, 'abc@gmail.com', 0),
('211260107076', '211260107076', 'CHAUHAN PRINITKUMAR DILIPBHAI', 1234567890, NULL, 2, 'abc@gmail.com', 0),
('211260107077', '211260107077', 'VYAS JAY BIPINKUMAR', 1234567890, NULL, 2, 'abc@gmail.com', 0),
('211260107078', '211260107078', 'JIVARAJANI ABHISHEK VIJAYBHAI', 1234567890, NULL, 2, 'abc@gmail.com', 0),
('211260107079', '211260107079', 'CHETTIYAR AMALDAS SIVADAS', 1234567890, NULL, 2, 'abc@gmail.com', 0),
('211260107080', '211260107080', 'MUNUGAPATI DARSHAN VENUGOPAL', 1234567890, NULL, 2, 'abc@gmail.com', 0),
('211260107081', '211260107081', 'RATHOD YUVRAJSINH PARESHSINH', 1234567890, NULL, 2, 'abc@gmail.com', 0),
('211260107082', '211260107082', 'NADODA RACHNA RAMESHBHAI', 1234567890, NULL, 2, 'abc@gmail.com', 0),
('211260107083', '211260107083', 'PATEL SAURAV PANKAJKUMAR', 1234567890, NULL, 2, 'abc@gmail.com', 0),
('211260107084', '211260107084', 'AMIN PARANJ DHIREN', 1234567890, NULL, 2, 'abc@gmail.com', 0),
('211260107085', '211260107085', 'PATEL NIKHILKUMAR VASUDEVBHAI', 1234567890, NULL, 2, 'abc@gmail.com', 0),
('211260107086', '211260107086', 'TALATI DEVANSHU', 1234567890, NULL, 2, 'abc@gmail.com', 0),
('211260107087', '211260107087', 'VASANI SUJAL MUKESHBHAI', 1234567890, NULL, 2, 'abc@gmail.com', 0),
('211260107088', '211260107088', 'JANI MEET PARESHBHAI', 1234567890, NULL, 2, 'abc@gmail.com', 0),
('211260107089', '211260107089', 'CHITARA KRISHIL PRAFULKUMAR', 1234567890, NULL, 2, 'abc@gmail.com', 0),
('211260107090', '211260107090', 'PATEL URMIK NARESHKUMAR', 1234567890, NULL, 2, 'abc@gmail.com', 0),
('211260107091', '211260107091', 'JOSHI PRACHI OMKAR', 1234567890, NULL, 2, 'abc@gmail.com', 0),
('211260107092', '211260107092', 'PATEL SANJANA BHARATKUMAR', 1234567890, NULL, 2, 'abc@gmail.com', 0),
('211260107093', '211260107093', 'BAVISHI JENISHKUMAR', 1234567890, NULL, 2, 'abc@gmail.com', 0),
('211260107094', '211260107094', 'AMIN MEET ANANDKUMAR', 1234567890, NULL, 2, 'abc@gmail.com', 0),
('211260107095', '211260107095', 'THAKOR SANJAYBHAI NATVARJI', 1234567890, NULL, 2, 'abc@gmail.com', 0),
('211260107096', '211260107096', 'JOSHI KATHAN NITINBHAI', 1234567890, NULL, 2, 'abc@gmail.com', 0),
('211260107097', '211260107097', 'PATEL JAAN RAJENDRAKUMAR', 1234567890, NULL, 2, 'abc@gmail.com', 0),
('211260107098', '211260107098', 'PARMAR PARTH SATISH', 1234567890, NULL, 2, 'abc@gmail.com', 0),
('211260107099', '211260107099', 'VACHHETA KIRANBEN HASMUKHBHAI', 1234567890, NULL, 2, 'abc@gmail.com', 0),
('211260107100', '211260107100', 'PATEL JAY DHARMENDRABHAI', 1234567890, NULL, 2, 'abc@gmail.com', 0),
('211260107101', '211260107101', 'SHAH MANSI PARESHBHAI', 1234567890, NULL, 2, 'abc@gmail.com', 0),
('211260107102', '211260107102', 'SONGARA MANISH ARVINDBHAI', 1234567890, NULL, 2, 'abc@gmail.com', 0),
('211260107103', '211260107103', 'JADAV SACHINKUMAR NAREN', 1234567890, NULL, 2, 'abc@gmail.com', 0),
('211260107104', '211260107104', 'PATEL SHAILY DINESHBHAI', 1234567890, NULL, 2, 'abc@gmail.com', 0),
('211260107105', '211260107105', 'TRIVEDI MEET BHADRESHKUMAR', 1234567890, NULL, 2, 'abc@gmail.com', 0),
('211260107106', '211260107106', 'PATEL KUSHAL SHAILESHBHAI', 1234567890, NULL, 2, 'abc@gmail.com', 0),
('211260107107', '211260107107', 'GHANCHI MOHAMED ARSH MOHAMED ARIF', 1234567890, NULL, 2, 'abc@gmail.com', 0),
('211260107108', '211260107108', 'NAKUM KRUSHNARAJSINH VIJAYSINH', 1234567890, NULL, 2, 'abc@gmail.com', 0),
('211260107109', '211260107109', 'DALWADI DARSHAN ASVINKUMAR', 1234567890, NULL, 2, 'abc@gmail.com', 0),
('211260107110', '211260107110', 'GALIYEL MEET .', 1234567890, NULL, 2, 'abc@gmail.com', 0),
('211260107111', '211260107111', 'CHOTALIYA AASHISH JIVANBHAI', 1234567890, NULL, 2, 'abc@gmail.com', 0),
('211260107112', '211260107112', 'CHAVDA ADITYASINH PRAVINSINH', 1234567890, NULL, 2, 'abc@gmail.com', 0),
('211260107113', '211260107113', '  NEHA SUKHPAL', 1234567890, NULL, 2, 'abc@gmail.com', 0),
('211260107501', '211260107501', 'PATEL DHAIRYA JAYESHBHAI', 1234567890, NULL, 2, 'abc@gmail.com', 0);
INSERT INTO `user` (`user_id`, `password`, `name`, `mobile_number`, `profile`, `role`, `email`, `user_status`) VALUES
('211260107502', '211260107502', 'PANDYA AUM MIHIR', 1234567890, NULL, 2, 'abc@gmail.com', 0),
('211260107503', '211260107503', 'BHORANIYA YASHKUMAR CHAMANBHAI', 1234567890, NULL, 2, 'abc@gmail.com', 0),
('211260107504', '211260107504', 'PATEL AKSHAR GHANSHYAMBHAI', 1234567890, NULL, 2, 'abc@gmail.com', 0),
('211260107505', '211260107505', 'PANDYA VIDHI PARAS', 1234567890, NULL, 2, 'abc@gmail.com', 0),
('211260107506', '211260107506', 'SUTHAR HARSH JASHVANTKUMAR', 1234567890, NULL, 2, 'abc@gmail.com', 0),
('211260107507', '211260107507', 'CHAUHAN KRUPEN SANJAYBHAI', 1234567890, NULL, 2, 'abc@gmail.com', 0),
('211260107508', '211260107508', 'SHAIKH MOHAMMED ANAS', 1234567890, NULL, 2, 'abc@gmail.com', 0),
('211260107509', '211260107509', 'GAJJAR SMIT KETANKUMAR', 1234567890, NULL, 2, 'abc@gmail.com', 0),
('211260107510', '211260107510', 'SHAIKH MOHAMMED RAYAN', 1234567890, NULL, 2, 'abc@gmail.com', 0),
('211260107511', '211260107511', 'SONI MOHIT BHARGAVBHAI', 1234567890, NULL, 2, 'abc@gmail.com', 0),
('211260107512', '211260107512', 'SONI KRUNAL PRAVINBHAI', 1234567890, NULL, 2, 'abc@gmail.com', 0),
('211260107513', '211260107513', 'MAKWANA NEEL KIRITKUMAR', 1234567890, NULL, 2, 'abc@gmail.com', 0),
('211260107514', '211260107514', 'JINGAR YUKTI KAMLESHKUMAR', 1234567890, NULL, 2, 'abc@gmail.com', 0),
('211260107515', '211260107515', 'GHADGE HETVI PIYUSHRAO', 1234567890, NULL, 2, 'abc@gmail.com', 0),
('211260107516', '211260107516', 'PANCHAL NIRAV VIKRAMBHAI', 1234567890, NULL, 2, 'abc@gmail.com', 0),
('211260107517', '211260107517', 'DARJI KHUSHI DILIPKUMAR', 1234567890, NULL, 2, 'abc@gmail.com', 0),
('211260107518', '211260107518', 'SAVALIYA DHARMI VIRENBHAI', 1234567890, NULL, 2, 'abc@gmail.com', 0),
('211260107519', '211260107519', 'BHALANI AXAT VYOMESHBHAI', 1234567890, NULL, 2, 'abc@gmail.com', 0),
('211260107520', '211260107520', 'DOMADIA NENSHIBEN YOGESHKUMAR', 1234567890, NULL, 2, 'abc@gmail.com', 0),
('211260107521', '211260107521', 'PATEL KRUPA ARVINDBHAI', 1234567890, NULL, 2, 'abc@gmail.com', 0),
('211260107522', '211260107522', 'PANCHAL VAIDEHI TANMAYKUMAR', 1234567890, NULL, 2, 'abc@gmail.com', 0),
('211260107523', '211260107523', 'TOMAR BHARATSINGH DEVENDRASINGH', 1234567890, NULL, 2, 'abc@gmail.com', 0),
('211260107524', '211260107524', 'SHAH MANAN TUSHARKUMAR', 1234567890, NULL, 2, 'abc@gmail.com', 0),
('211260107525', '211260107525', 'SUTHAR SHUBHAM ANILKUMAR', 1234567890, NULL, 2, 'abc@gmail.com', 0),
('211260107526', '211260107526', 'CHOTALIYA DARSHIL ASHOKBHAI', 1234567890, NULL, 2, 'abc@gmail.com', 0),
('211260107527', '211260107527', 'PATEL SAHIL DAHYABHAI', 1234567890, NULL, 2, 'abc@gmail.com', 0),
('211260107528', '211260107528', 'SUTHAR SHUBHAM VIJAYBHAI', 1234567890, NULL, 2, 'abc@gmail.com', 0),
('211260107529', '211260107529', 'PATEL KETAN NARESHBHAI', 1234567890, NULL, 2, 'abc@gmail.com', 0),
('211260107530', '211260107530', 'PATEL PARTH ASHOKBHAI', 1234567890, NULL, 2, 'abc@gmail.com', 0),
('211260107531', '211260107531', 'GOTECHA YUG CHETAN', 1234567890, NULL, 2, 'abc@gmail.com', 0),
('211260107532', '211260107532', 'PATEL YUG JAYANTILAL', 1234567890, NULL, 2, 'abc@gmail.com', 0),
('211260107533', '211260107533', 'DESAI LAKHABHAI BHIKHABHAI', 1234567890, NULL, 2, 'abc@gmail.com', 0),
('211260107534', '211260107534', 'PATEL DHARMIK', 1234567890, NULL, 2, 'abc@gmail.com', 0),
('211260107535', '211260107535', 'PATWARI SAKSHI JAYESHKUMAR', 1234567890, NULL, 2, 'abc@gmail.com', 0),
('211260107536', '211260107536', 'DHADUK PARTH PRAVINBHAI', 1234567890, NULL, 2, 'abc@gmail.com', 0),
('211260107537', '211260107537', 'PATEL ABHISHEK RAJESHKUMAR', 1234567890, NULL, 2, 'abc@gmail.com', 0),
('211260107538', '211260107538', 'KURESHI ANASHBHAI MANVARBHAI', 1234567890, NULL, 2, 'abc@gmail.com', 0),
('211260107539', '211260107539', 'DAVE KHUSHI AJAYKUMAR', 1234567890, NULL, 2, 'abc@gmail.com', 0),
('211260107540', '211260107540', 'RAVAL HIRVA PRAKASHBHAI', 1234567890, NULL, 2, 'abc@gmail.com', 0),
('211260107541', '211260107541', 'THAKKAR SHAKSHI VIPULKUMAR', 1234567890, NULL, 2, 'abc@gmail.com', 0),
('211260107542', '211260107542', 'TRIVEDI MAHARSHI JAGDEEP', 1234567890, NULL, 2, 'abc@gmail.com', 0),
('211260107543', '211260107543', 'NAYAK PRACHI PANKAJKUMAR', 1234567890, NULL, 2, 'abc@gmail.com', 0),
('211260107544', '211260107544', 'PARMAR DEVAM HARDIKBHAI', 1234567890, NULL, 2, 'abc@gmail.com', 0),
('211260107545', '211260107545', 'PANCHAL VANDITA VINODBHAI', 1234567890, NULL, 2, 'abc@gmail.com', 0),
('211260107546', '211260107546', 'RATHOD SHRUTI KISHORBHAI', 1234567890, NULL, 2, 'abc@gmail.com', 0),
('211260107547', '211260107547', 'GANDHI NIHARI JIGNESHKUMAR', 1234567890, NULL, 2, 'abc@gmail.com', 0),
('211260107548', '211260107548', 'SHIROYA YASH DINESHBHAI', 1234567890, NULL, 2, 'abc@gmail.com', 0),
('211260107549', '211260107549', 'RAJPUT GOPENDRASINH MRUGESHSINH', 1234567890, NULL, 2, 'abc@gmail.com', 0),
('211260107550', '211260107550', 'THAKER VRAJ BHAVESHBHAI', 1234567890, NULL, 2, 'abc@gmail.com', 0),
('211260116001', '211260116001', 'AAHIR SUMIL RAMESHBHAI', 1234567890, NULL, 2, 'abc@gmail.com', 0),
('211260116002', '211260116002', 'PANDYA DIDHITIKUMAR RAJUBHAI', 1234567890, NULL, 2, 'abc@gmail.com', 0),
('211260116003', '211260116003', 'MEWADA ARYAN MAHENDRAKUMAR', 1234567890, NULL, 2, 'abc@gmail.com', 0),
('211260116004', '211260116004', 'JANI RUDRA DARSHIN', 1234567890, NULL, 2, 'abc@gmail.com', 0),
('211260116005', '211260116005', 'DABHI PARTH PRAVINBHAI', 1234567890, NULL, 2, 'abc@gmail.com', 0),
('211260116007', '211260116007', 'BALVA ALIRAZA ROSHANALI', 1234567890, NULL, 2, 'abc@gmail.com', 0),
('211260116008', '211260116008', 'PANCHAL SMITA BHAGVATILAL', 1234567890, NULL, 2, 'abc@gmail.com', 0),
('211260116009', '211260116009', 'PATEL HEET DHARMENDRAKUMAR', 1234567890, NULL, 2, 'abc@gmail.com', 0),
('211260116010', '211260116010', 'BUDDHADEV DRASHTI BHUPENDRABHAI', 1234567890, NULL, 2, 'abc@gmail.com', 0),
('211260116011', '211260116011', 'DARJI ROHAN SHAILESHBHAI', 1234567890, NULL, 2, 'abc@gmail.com', 0),
('211260116012', '211260116012', 'PATEL NIMA SUNILKUMAR', 1234567890, NULL, 2, 'abc@gmail.com', 0),
('211260116013', '211260116013', 'DOBARIYA HIMANSHUKUMAR DINESHBHAI', 1234567890, NULL, 2, 'abc@gmail.com', 0),
('211260116014', '211260116014', 'TALSANIYA SAHIL ASHOKBHAI', 1234567890, NULL, 2, 'abc@gmail.com', 0),
('211260116015', '211260116015', 'VANPARIYA SUJAL BHAVINBHAI', 1234567890, NULL, 2, 'abc@gmail.com', 0),
('211260116016', '211260116016', 'DHANKECHA HARSHIL MAHESHKUMAR', 1234567890, NULL, 2, 'abc@gmail.com', 0),
('211260116018', '211260116018', 'DOMADIYA TANISHA BATUKBHAI', 1234567890, NULL, 2, 'abc@gmail.com', 0),
('211260116019', '211260116019', 'PATEL SHREENA ASHVINKUMAR', 1234567890, NULL, 2, 'abc@gmail.com', 0),
('211260116020', '211260116020', 'KATHROTIYA HARSHILKUMAR CHATURBHAI', 1234567890, NULL, 2, 'abc@gmail.com', 0),
('211260116021', '211260116021', 'PATEL PREET SURESHBHAI', 1234567890, NULL, 2, 'abc@gmail.com', 0),
('211260116022', '211260116022', 'SHAIKH MOHAMMAD REHAN MD YUSUF', 1234567890, NULL, 2, 'abc@gmail.com', 0),
('211260116023', '211260116023', 'SAVALIYA HETVI KISHORBHAI', 1234567890, NULL, 2, 'abc@gmail.com', 0),
('211260116024', '211260116024', 'MITHAIWALA ABBAS KURESH', 1234567890, NULL, 2, 'abc@gmail.com', 0),
('211260116025', '211260116025', 'PATEL HENIL JIGNESHBHAI', 1234567890, NULL, 2, 'abc@gmail.com', 0),
('211260116026', '211260116026', 'NAKARANI JENIS PRAKASHBHAI', 1234567890, NULL, 2, 'abc@gmail.com', 0),
('211260116027', '211260116027', 'PATEL YASH ROHITBHAI', 1234567890, NULL, 2, 'abc@gmail.com', 0),
('211260116028', '211260116028', 'PATEL JAXAY DILIPKUMAR', 1234567890, NULL, 2, 'abc@gmail.com', 0),
('211260116029', '211260116029', 'PATEL HEET PRAVINCHANDRA', 1234567890, NULL, 2, 'abc@gmail.com', 0),
('211260116030', '211260116030', 'MAKWANA JINALBEN PUNJAJI', 1234567890, NULL, 2, 'abc@gmail.com', 0),
('211260116031', '211260116031', 'GANDHI UTSAV RAMCHANDRA', 1234567890, NULL, 2, 'abc@gmail.com', 0),
('211260116032', '211260116032', 'PATEL HARSH DINESHKUMAR', 1234567890, NULL, 2, 'abc@gmail.com', 0),
('211260116033', '211260116033', 'RAMI NIKITA KIRTIBHAI', 1234567890, NULL, 2, 'abc@gmail.com', 0),
('211260116034', '211260116034', 'DARJI DHIRALI SANJAYKUMAR', 1234567890, NULL, 2, 'abc@gmail.com', 0),
('211260116035', '211260116035', 'JAIN KRISH PAVAN', 1234567890, NULL, 2, 'abc@gmail.com', 0),
('211260116036', '211260116036', 'PATEL VISHV MUKESHBHAI', 1234567890, NULL, 2, 'abc@gmail.com', 0),
('211260116037', '211260116037', 'PATEL DHRUVI RAJESHKUMAR', 1234567890, NULL, 2, 'abc@gmail.com', 0),
('211260116038', '211260116038', 'PANCHAL SAKSHI RAKESHBHAI', 1234567890, NULL, 2, 'abc@gmail.com', 0),
('211260116039', '211260116039', 'JAMARIYA HEET', 1234567890, NULL, 2, 'abc@gmail.com', 0),
('211260116040', '211260116040', 'KARANJE JANVI MANOJ', 1234567890, NULL, 2, 'abc@gmail.com', 0),
('211260116041', '211260116041', 'AHIR VAIBHAV ASHISHBHAI', 1234567890, NULL, 2, 'abc@gmail.com', 0),
('211260116042', '211260116042', 'PAWAR NEEL PRAMOD', 1234567890, NULL, 2, 'abc@gmail.com', 0),
('211260116043', '211260116043', 'BRAHMBHATT ARTH JITENDRA', 1234567890, NULL, 2, 'abc@gmail.com', 0),
('211260116044', '211260116044', 'ACHARYA BANSRI HETALKUMAR', 1234567890, NULL, 2, 'abc@gmail.com', 0),
('211260116045', '211260116045', 'PARMAR NETRAA KIRITKUMAR', 1234567890, NULL, 2, 'abc@gmail.com', 0),
('211260116046', '211260116046', 'PRIYANKAR MEET JIGNESH', 1234567890, NULL, 2, 'abc@gmail.com', 0),
('211260116047', '211260116047', 'RATHOD PRANAYSINH SHAILENDRASINH', 1234567890, NULL, 2, 'abc@gmail.com', 0),
('211260116048', '211260116048', 'SAVALIYA KAXIT RAJESHBHAI', 1234567890, NULL, 2, 'abc@gmail.com', 0),
('211260116049', '211260116049', 'CHARI ANIRUDHA ANISH', 1234567890, NULL, 2, 'abc@gmail.com', 0),
('211260116050', '211260116050', 'PATEL JAY RAKESHKUMAR', 1234567890, NULL, 2, 'abc@gmail.com', 0),
('211260116051', '211260116051', 'PATEL RUTVIKKUMAR ASHVINKUMAR', 1234567890, NULL, 2, 'abc@gmail.com', 0),
('211260116052', '211260116052', 'RATHOD AKSHAYRAJSINH JASVANTSINH', 1234567890, NULL, 2, 'abc@gmail.com', 0),
('211260116053', '211260116053', 'PATEL ANUJKUMAR VINODBHAI', 1234567890, NULL, 2, 'abc@gmail.com', 0),
('211260116054', '211260116054', 'PATEL JAINAMKUMAR SANJAYBHAI', 1234567890, NULL, 2, 'abc@gmail.com', 0),
('211260116055', '211260116055', 'NOGI GURSHIN JOGENDRASING', 1234567890, NULL, 2, 'abc@gmail.com', 0),
('211260116056', '211260116056', 'PRAJAPATI HARDIK VINUBHAI', 1234567890, NULL, 2, 'abc@gmail.com', 0),
('211260116057', '211260116057', 'PATEL KRISH UMESHKUMAR', 1234567890, NULL, 2, 'abc@gmail.com', 0),
('211260116058', '211260116058', 'SINGH NISHAKUMARI BIRBAHADUR', 1234567890, NULL, 2, 'abc@gmail.com', 0),
('211260116059', '211260116059', 'THAKKAR VIVEK PRASHANTKUMAR', 1234567890, NULL, 2, 'abc@gmail.com', 0),
('211260116060', '211260116060', 'PRAJAPATI PRATIK SURESHBHAI', 1234567890, NULL, 2, 'abc@gmail.com', 0),
('211260116061', '211260116061', 'PRAJAPATI DEV PRAKASHBHAI', 1234567890, NULL, 2, 'abc@gmail.com', 0),
('211260116062', '211260116062', 'PATEL SANDIPKUMAR RAJESHBHAI', 1234567890, NULL, 2, 'abc@gmail.com', 0),
('211260116501', '211260116501', 'DAVE MEET VIPULKUMAR', 1234567890, NULL, 2, 'abc@gmail.com', 0),
('211260116502', '211260116502', 'JOSHI KUNAL ASHOKBHAI', 1234567890, NULL, 2, 'abc@gmail.com', 0),
('211260116503', '211260116503', 'PATEL DHRUV HARIKRUSHNABHAI', 1234567890, NULL, 2, 'abc@gmail.com', 0),
('211260116504', '211260116504', 'PRAJAPATI DHAIRYA JIGESHBHAI', 1234567890, NULL, 2, 'abc@gmail.com', 0),
('211260116505', '211260116505', 'KADIYA NACHIKETA SITARAM', 1234567890, NULL, 2, 'abc@gmail.com', 0),
('211260116506', '211260116506', 'RANA DEVANG BHARATKUMAR', 1234567890, NULL, 2, 'abc@gmail.com', 0),
('211260116507', '211260116507', 'MISTRY KINJAL KAMLESHBHAI', 1234567890, NULL, 2, 'abc@gmail.com', 0),
('211260116508', '211260116508', 'SINGH NEHA RAJESHWAR', 1234567890, NULL, 2, 'abc@gmail.com', 0),
('211260116509', '211260116509', 'PRAJAPATI NIRAV MUKESHKUMAR', 1234567890, NULL, 2, 'abc@gmail.com', 0),
('211260116510', '211260116510', 'MEHTA PRACHI PRITESHKUMAR', 1234567890, NULL, 2, 'abc@gmail.com', 0),
('211260116511', '211260116511', 'THAKKAR MITALI RAVINDRABHAI', 1234567890, NULL, 2, 'abc@gmail.com', 0),
('211260116512', '211260116512', 'PANCHOLI AKSHIL SHIRISHKUMAR', 1234567890, NULL, 2, 'abc@gmail.com', 0),
('211260116513', '211260116513', 'BHIKADIYA PRIYANK KISHORBHAI', 1234567890, NULL, 2, 'abc@gmail.com', 0),
('211260116514', '211260116514', 'GAJJAR DEV BHUPENDRABHAI', 1234567890, NULL, 2, 'abc@gmail.com', 0),
('211260116515', '211260116515', 'BOGHARA CHINTAN SHAILESHBHAI', 1234567890, NULL, 2, 'abc@gmail.com', 0),
('211260116516', '211260116516', 'KOSHTI MOHNISH KHEMCHANDBHAI', 1234567890, NULL, 2, 'abc@gmail.com', 0),
('211260116517', '211260116517', 'PRAJAPATI TULSI PRAVINBHAI', 1234567890, NULL, 2, 'abc@gmail.com', 0),
('211260116518', '211260116518', 'BHAVSAR DARSHIL NANDIPKUMAR', 1234567890, NULL, 2, 'abc@gmail.com', 0),
('211260116519', '211260116519', 'MODI NEEL SANJAYKUMAR', 1234567890, NULL, 2, 'abc@gmail.com', 0),
('211260131001', '211260131001', 'PRAJAPATI KAILASH BHARATBHAI', 1234567890, NULL, 2, 'abc@gmail.com', 0),
('211260131002', '211260131002', 'PITHADIYA YASH RAJESHKUMAR', 1234567890, NULL, 2, 'abc@gmail.com', 0),
('211260131003', '211260131003', 'VASWANI SAUMYA .', 1234567890, NULL, 2, 'abc@gmail.com', 0),
('211260131004', '211260131004', 'PATEL KASHISH DHARMENDRABHAI', 1234567890, NULL, 2, 'abc@gmail.com', 0),
('211260131005', '211260131005', 'DABHI VATSALYA ROHITBHAI', 1234567890, NULL, 2, 'abc@gmail.com', 0),
('211260131006', '211260131006', 'KODALA TVISHA UPENDRABHAI', 1234567890, NULL, 2, 'abc@gmail.com', 0),
('211260131007', '211260131007', 'VIRAMGAMA NITI RASHMINBHAI', 1234567890, NULL, 2, 'abc@gmail.com', 0),
('211260131008', '211260131008', 'PATEL YASH MAHENDRABHAI', 1234567890, NULL, 2, 'abc@gmail.com', 0),
('211260131009', '211260131009', 'PATEL RAVIKUMAR JITENDRABHAI', 1234567890, NULL, 2, 'abc@gmail.com', 0),
('211260131010', '211260131010', 'SRIVASTAV SHASHANK SURYAPRAKASH', 1234567890, NULL, 2, 'abc@gmail.com', 0),
('211260131011', '211260131011', 'PARMAR RAHIL VISHNUBHAI', 1234567890, NULL, 2, 'abc@gmail.com', 0),
('211260131012', '211260131012', 'PATEL VISHWA JAYESHKUMAR', 1234567890, NULL, 2, 'abc@gmail.com', 0),
('211260131013', '211260131013', 'PATEL DIGESH DHARMENDRAKUMAR', 1234567890, NULL, 2, 'abc@gmail.com', 0),
('211260131014', '211260131014', 'PATEL ABHA MANISH', 1234567890, NULL, 2, 'abc@gmail.com', 0),
('211260131015', '211260131015', 'GIRNARA PRIYANSHI HEMENKUMAR', 1234567890, NULL, 2, 'abc@gmail.com', 0),
('211260131016', '211260131016', 'SUTARIYA ISHITA BHARATBHAI', 1234567890, NULL, 2, 'abc@gmail.com', 0),
('211260131017', '211260131017', 'SONI KHUSHAL', 1234567890, NULL, 2, 'abc@gmail.com', 0),
('211260131018', '211260131018', 'DAVE RUDRA BHAVIN', 1234567890, NULL, 2, 'abc@gmail.com', 0),
('211260131019', '211260131019', 'CHANDEKAR KOMAL PRAFULBHAI', 1234567890, NULL, 2, 'abc@gmail.com', 0),
('211260131020', '211260131020', 'KATHIRIYA HARSHIL KIRANKUMAR', 1234567890, NULL, 2, 'abc@gmail.com', 0),
('211260131022', '211260131022', 'PATEL HIRAK KALPESHKUMAR', 1234567890, NULL, 2, 'abc@gmail.com', 0),
('211260131023', '211260131023', 'PRAJAPATI KARN URMISHKUMAR', 1234567890, NULL, 2, 'abc@gmail.com', 0),
('211260131024', '211260131024', 'DESAI KAVAN MOTIBHAI', 1234567890, NULL, 2, 'abc@gmail.com', 0),
('211260131025', '211260131025', 'UDANI SIMOLI MITESH', 1234567890, NULL, 2, 'abc@gmail.com', 0),
('211260131026', '211260131026', 'PANCHAL RAKSHIT NIRAV', 1234567890, NULL, 2, 'abc@gmail.com', 0),
('211260131027', '211260131027', 'PRAJAPATI KIRTAN MAHENDRABHAI', 1234567890, NULL, 2, 'abc@gmail.com', 0),
('211260131028', '211260131028', 'THAKKAR DHRUV HARSHADBHAI', 1234567890, NULL, 2, 'abc@gmail.com', 0),
('211260131029', '211260131029', 'JOSHI DEV MAYURKUMAR', 1234567890, NULL, 2, 'abc@gmail.com', 0),
('211260131030', '211260131030', 'DAVE HARSHANSHU PRAGNESH', 1234567890, NULL, 2, 'abc@gmail.com', 0),
('211260131031', '211260131031', 'PATEL KRISHKUMAR NILESHKUMAR', 1234567890, NULL, 2, 'abc@gmail.com', 0),
('211260131032', '211260131032', 'MARETHA KUNAL ANILBHAI', 1234567890, NULL, 2, 'abc@gmail.com', 0),
('211260131033', '211260131033', 'SENVA VISHALKUMAR SURESHBHAI', 1234567890, NULL, 2, 'abc@gmail.com', 0),
('211260131034', '211260131034', 'PATEL MANSI DWARKADAS', 1234567890, NULL, 2, 'abc@gmail.com', 0),
('211260131035', '211260131035', 'LATHIYA TIRTH MANJIBHAI', 1234567890, NULL, 2, 'abc@gmail.com', 0),
('211260131036', '211260131036', 'PATEL DHRUPAL SANDIPBHAI', 1234567890, NULL, 2, 'abc@gmail.com', 0),
('211260131037', '211260131037', 'PATEL OM KALPESHKUMAR', 1234567890, NULL, 2, 'abc@gmail.com', 0),
('211260131038', '211260131038', 'TANDEL YASH BHAGWANBHAI', 1234567890, NULL, 2, 'abc@gmail.com', 0),
('211260131039', '211260131039', 'MAHESHWARI VEDANSH', 1234567890, NULL, 2, 'abc@gmail.com', 0),
('211260131040', '211260131040', 'JYOTIKAR TIRTH ASIT', 1234567890, NULL, 2, 'abc@gmail.com', 0),
('211260131041', '211260131041', 'JOSHI HARD PRADIPKUMAR', 1234567890, NULL, 2, 'abc@gmail.com', 0),
('211260131042', '211260131042', 'VASHISTHA MANTHAN ANILBHAI', 1234567890, NULL, 2, 'abc@gmail.com', 0),
('211260131043', '211260131043', 'DHOLAKIYA BRIJESH AJAYBHAI', 1234567890, NULL, 2, 'abc@gmail.com', 0),
('211260131044', '211260131044', 'KANAKIA CHARMI RAJESH', 1234567890, NULL, 2, 'abc@gmail.com', 0),
('211260131045', '211260131045', 'PATEL HARSH VASUDEVBHAI', 1234567890, NULL, 2, 'abc@gmail.com', 0),
('211260131046', '211260131046', 'PATEL TAKSH', 1234567890, NULL, 2, 'abc@gmail.com', 0),
('211260131047', '211260131047', 'PATEL HARSH DIVYAKANT', 1234567890, NULL, 2, 'abc@gmail.com', 0),
('211260131048', '211260131048', 'PATEL YASH YATINKUMAR', 1234567890, NULL, 2, 'abc@gmail.com', 0),
('211260131049', '211260131049', 'DAVE OM BHASKAR', 1234567890, NULL, 2, 'abc@gmail.com', 0),
('211260131050', '211260131050', 'PUSHKARNA ASHISH', 1234567890, NULL, 2, 'abc@gmail.com', 0),
('211260131051', '211260131051', 'PATEL JAIMIN PINESHBHAI', 1234567890, NULL, 2, 'abc@gmail.com', 0),
('211260131052', '211260131052', 'CHAUHAN MEET KAUSHIKKUMAR', 1234567890, NULL, 2, 'abc@gmail.com', 0),
('211260131053', '211260131053', 'PATEL KRUSHIL ASHOKBHAI', 1234567890, NULL, 2, 'abc@gmail.com', 0),
('211260131054', '211260131054', 'PATEL DHRUV DILIPKUMAR', 1234567890, NULL, 2, 'abc@gmail.com', 0),
('211260131055', '211260131055', 'SHAH ANIKET BIJALKUMAR', 1234567890, NULL, 2, 'abc@gmail.com', 0),
('211260131056', '211260131056', 'CHAUHAN GAGANJEET SINGH', 1234567890, NULL, 2, 'abc@gmail.com', 0),
('211260131057', '211260131057', 'MAHESHWARI KASHISH DINESHBHAI', 1234567890, NULL, 2, 'abc@gmail.com', 0),
('211260131058', '211260131058', 'ACHARYA MESHWA KALPESH', 1234567890, NULL, 2, 'abc@gmail.com', 0),
('211260131059', '211260131059', 'PATEL AMARDEEP SANJAYBHAI', 1234567890, NULL, 2, 'abc@gmail.com', 0),
('211260131060', '211260131060', 'YADAV ANURAG RAM', 1234567890, NULL, 2, 'abc@gmail.com', 0),
('211260131061', '211260131061', 'SHAIKH MOHAMAAD AYAN', 1234567890, NULL, 2, 'abc@gmail.com', 0),
('211260131062', '211260131062', 'PATEL DHARVIK SURESHBHAI', 1234567890, NULL, 2, 'abc@gmail.com', 0),
('211260131501', '211260131501', 'BHATT DHWANIL ANISH', 1234567890, NULL, 2, 'abc@gmail.com', 0),
('211260131502', '211260131502', 'TALA AKASH HITESHBHAI', 1234567890, NULL, 2, 'abc@gmail.com', 0),
('211260131503', '211260131503', 'PARIKH ROHAN RAHUL', 1234567890, NULL, 2, 'abc@gmail.com', 0),
('211260131504', '211260131504', 'PANCHAL RIYABEN BHADRESHBHAI', 1234567890, NULL, 2, 'abc@gmail.com', 0),
('211260131505', '211260131505', 'JOSHI TANUJ UMESH', 1234567890, NULL, 2, 'abc@gmail.com', 0),
('211260131506', '211260131506', 'PAREKH HARSH DEEPAKKUMAR', 1234567890, NULL, 2, 'abc@gmail.com', 0),
('211260131507', '211260131507', 'MAKWANA PARTHKUMAR DIPAKBHAI', 1234567890, NULL, 2, 'abc@gmail.com', 0),
('211260131508', '211260131508', 'MEHTA HARSH UMESHKANT', 1234567890, NULL, 2, 'abc@gmail.com', 0),
('211260131509', '211260131509', 'KAVAIYA RAJ KAMLESHBHAI', 1234567890, NULL, 2, 'abc@gmail.com', 0),
('211260131510', '211260131510', 'DESAI SHREEYA MAYURESH', 1234567890, NULL, 2, 'abc@gmail.com', 0),
('211260131511', '211260131511', 'LALAKIYA HARSH GIRISHBHAI', 1234567890, NULL, 2, 'abc@gmail.com', 0),
('211260131512', '211260131512', 'THAKRAR DIXIT HEMAL', 1234567890, NULL, 2, 'abc@gmail.com', 0),
('211260131513', '211260131513', 'SUREJA KRUSHNAKUMAR ASHOKBHAI', 1234567890, NULL, 2, 'abc@gmail.com', 0),
('211260131514', '211260131514', 'LATHIYA JAY BHAVESHKUMAR', 1234567890, NULL, 2, 'abc@gmail.com', 0),
('211260131515', '211260131515', 'PARMAR PUSHPRAJSINH KIRITSINH', 1234567890, NULL, 2, 'abc@gmail.com', 0),
('211260131516', '211260131516', 'VISHWAKARMA ANURAG MANOJ', 1234567890, NULL, 2, 'abc@gmail.com', 0),
('211260131517', '211260131517', 'SHOW PAWAN', 1234567890, NULL, 2, 'abc@gmail.com', 0),
('211260131518', '211260131518', 'DARJI VRAJKUMAR RAKESHBHAI', 1234567890, NULL, 2, 'abc@gmail.com', 0),
('211260132001', '211260132001', 'MESHIYA JENI NARESHBHAI', 1234567890, NULL, 2, 'abc@gmail.com', 0),
('211260132002', '211260132002', 'PORIYA HETVI MEHULKUMAR', 1234567890, NULL, 2, 'abc@gmail.com', 0),
('211260132003', '211260132003', 'PATHAN GALEEB', 1234567890, NULL, 2, 'abc@gmail.com', 0),
('211260132004', '211260132004', 'PRAJAPATI RUSHIL RAMUBHAI', 1234567890, NULL, 2, 'abc@gmail.com', 0),
('211260132005', '211260132005', 'PATEL MIT SATISHKUMAR', 1234567890, NULL, 2, 'abc@gmail.com', 0),
('211260132006', '211260132006', 'PATEL PRIYANK DOLLARKUMAR', 1234567890, NULL, 2, 'abc@gmail.com', 0),
('211260132007', '211260132007', 'GHADIALI ANSH KIRTAN', 1234567890, NULL, 2, 'abc@gmail.com', 0),
('211260132008', '211260132008', 'BAMBHAROLIYA HARSHIT VIPULKUMAR', 1234567890, NULL, 2, 'abc@gmail.com', 0),
('211260132009', '211260132009', 'PATEL ANMOL DHARMESHBHAI', 1234567890, NULL, 2, 'abc@gmail.com', 0),
('211260132010', '211260132010', 'GOHEL HARSHKUMAR GHANSHYAMBHAI', 1234567890, NULL, 2, 'abc@gmail.com', 0),
('211260132011', '211260132011', 'DESAI PRUSHTI SHAILESHBHAI', 1234567890, NULL, 2, 'abc@gmail.com', 0),
('211260132012', '211260132012', 'VAGHELA KHUSHI DHIRUBHAI', 1234567890, NULL, 2, 'abc@gmail.com', 0),
('211260132013', '211260132013', 'LALWANI NEERAJ HARISHKUMAR', 1234567890, NULL, 2, 'abc@gmail.com', 0),
('211260132014', '211260132014', 'PATEL DHRUV NILESHKUMAR', 1234567890, NULL, 2, 'abc@gmail.com', 0),
('211260132015', '211260132015', 'PATEL JINAL MAHENDRABHAI', 1234567890, NULL, 2, 'abc@gmail.com', 0),
('211260132017', '211260132017', 'PATEL VAIDEHI', 1234567890, NULL, 2, 'abc@gmail.com', 0),
('211260132018', '211260132018', 'PATEL JEET MANISH', 1234567890, NULL, 2, 'abc@gmail.com', 0),
('211260132019', '211260132019', 'PATEL PARTH DIPAKKUMAR', 1234567890, NULL, 2, 'abc@gmail.com', 0),
('211260132020', '211260132020', 'JASANI DAXIL GHANSHYAMBHAI', 1234567890, NULL, 2, 'abc@gmail.com', 0),
('211260132021', '211260132021', 'CHAUHAN KASHYAP SATISH', 1234567890, NULL, 2, 'abc@gmail.com', 0),
('211260132022', '211260132022', 'JOSHI BABLIBEN LAXMINARAYAN', 1234567890, NULL, 2, 'abc@gmail.com', 0),
('211260132023', '211260132023', 'PATOLIA HARSH JAMANBHAI', 1234567890, NULL, 2, 'abc@gmail.com', 0),
('211260132024', '211260132024', 'PADIA KIRTI ATULBHAI', 1234567890, NULL, 2, 'abc@gmail.com', 0),
('211260132025', '211260132025', 'AMIN MANAV PRAGNESH', 1234567890, NULL, 2, 'abc@gmail.com', 0),
('211260132026', '211260132026', 'KHATRI ARYAN HEMALKUMAR', 1234567890, NULL, 2, 'abc@gmail.com', 0),
('211260132027', '211260132027', 'CHAVDA NEEL RAJESHBHAI', 1234567890, NULL, 2, 'abc@gmail.com', 0),
('211260132028', '211260132028', 'MANIK KRUNAL VIJAYBHAI', 1234567890, NULL, 2, 'abc@gmail.com', 0),
('211260132029', '211260132029', 'KHAPED JINALBEN BHUDARBHAI', 1234567890, NULL, 2, 'abc@gmail.com', 0),
('211260132030', '211260132030', 'WALIA SHUBHRA BRIJENDRA', 1234567890, NULL, 2, 'abc@gmail.com', 0),
('211260132031', '211260132031', 'PATHAN ATTAVARIS KHURSHIDALAM', 1234567890, NULL, 2, 'abc@gmail.com', 0),
('211260132032', '211260132032', 'PATEL KEVAL NIKULKUMAR', 1234567890, NULL, 2, 'abc@gmail.com', 0),
('211260132033', '211260132033', 'PATHAN ASFIYABANU ASLAMKHAN', 1234567890, NULL, 2, 'abc@gmail.com', 0),
('211260132034', '211260132034', 'PATEL ABHA JATINBHAI', 1234567890, NULL, 2, 'abc@gmail.com', 0),
('211260132036', '211260132036', 'SANDHI AAFIYABANU MOHAMMEDILYAS', 1234567890, NULL, 2, 'abc@gmail.com', 0),
('Admin', 'Admin123', 'HOD', 9999999999, 'HOD.jpg', 0, 'admin@gmail.com', 0),
('heet12', 'heet12', 'Heet', 12345678890, NULL, 1, 'heet@gmail.com', 0),
('Jatin27', 'Jatin27', 'Jatin', 9913321234, NULL, 1, 'jatin@gmail.com', 0),
('javlan12', 'javlan12', 'Javlan', 9876543210, NULL, 1, 'javlan@gmail.com', 0),
('jinal12', 'jinal12', 'jinal', 9876543210, NULL, 1, 'jinal@gmail.com', 0),
('Kajal12', 'Kajal12', 'Kajal', 9876543210, NULL, 1, 'kajal@gmail.com', 0),
('Khyati12', 'Khyati12', 'Khyati', 9876543210, NULL, 1, 'khyati@gmail.com', 0),
('Sailesh@1113', 'Sailesh@1113', 'Sailesh', 9876543210, NULL, 1, 'shiv@gmail.com', 0),
('Shiv12', '1234', 'shiv', 9876543210, NULL, 1, 'shiv@gmail.com', 0);

--
-- Indexes for dumped tables
--

--
-- Indexes for table `class`
--
ALTER TABLE `class`
  ADD PRIMARY KEY (`class_id`);

--
-- Indexes for table `complaint`
--
ALTER TABLE `complaint`
  ADD PRIMARY KEY (`complaint_id`);

--
-- Indexes for table `lab`
--
ALTER TABLE `lab`
  ADD PRIMARY KEY (`Lab_id`);

--
-- Indexes for table `user`
--
ALTER TABLE `user`
  ADD PRIMARY KEY (`user_id`);
COMMIT;

/*!40101 SET CHARACTER_SET_CLIENT=@OLD_CHARACTER_SET_CLIENT */;
/*!40101 SET CHARACTER_SET_RESULTS=@OLD_CHARACTER_SET_RESULTS */;
/*!40101 SET COLLATION_CONNECTION=@OLD_COLLATION_CONNECTION */;
